source,cle,regle,gravite,traite_le
recherches,,R10 horodatage illisible,bloquante,2026-09-29
trajets,TR2607200000289,R01 date début/fin manquante,bloquante,2026-09-29
trajets,TR2607200000514,R01 date début/fin manquante,bloquante,2026-09-29
trajets,TR2607200000046,R01 date début/fin manquante,bloquante,2026-09-29
trajets,TR2607200000050,R01 date début/fin manquante,bloquante,2026-09-29
trajets,TR2607200000051,R01 date début/fin manquante,bloquante,2026-09-29
trajets,TR2607200000087,R01 date début/fin manquante,bloquante,2026-09-29
trajets,TR2607200000104,R01 date début/fin manquante,bloquante,2026-09-29
trajets,TR2607200000112,R01 date début/fin manquante,bloquante,2026-09-29
trajets,TR2607200000119,R01 date début/fin manquante,bloquante,2026-09-29
trajets,TR2607200000143,R01 date début/fin manquante,bloquante,2026-09-29
trajets,TR2607200000144,R01 date début/fin manquante,bloquante,2026-09-29
trajets,TR2607200000146,R01 date début/fin manquante,bloquante,2026-09-29
trajets,TR2607200000158,R01 date début/fin manquante,bloquante,2026-09-29
trajets,TR2607200000043,R01 date début/fin manquante,bloquante,2026-09-29
trajets,TR2607200000171,R01 date début/fin manquante,bloquante,2026-09-29
trajets,TR2607200000181,R01 date début/fin manquante,bloquante,2026-09-29
trajets,TR2607200000194,R01 date début/fin manquante,bloquante,2026-09-29
trajets,TR2607200000221,R01 date début/fin manquante,bloquante,2026-09-29
trajets,TR2607200000235,R01 date début/fin manquante,bloquante,2026-09-29
trajets,TR2607200000247,R01 date début/fin manquante,bloquante,2026-09-29
trajets,TR2607200000250,R01 date début/fin manquante,bloquante,2026-09-29
trajets,TR2607200000261,R01 date début/fin manquante,bloquante,2026-09-29
trajets,TR2607200000265,R01 date début/fin manquante,bloquante,2026-09-29
trajets,TR2607200000267,R01 date début/fin manquante,bloquante,2026-09-29
trajets,TR2607200000041,R01 date début/fin manquante,bloquante,2026-09-29
trajets,TR2607200000309,R01 date début/fin manquante,bloquante,2026-09-29
trajets,TR2607200000328,R01 date début/fin manquante,bloquante,2026-09-29
trajets,TR2607200000378,R01 date début/fin manquante,bloquante,2026-09-29
trajets,TR2607200000389,R01 date début/fin manquante,bloquante,2026-09-29
trajets,TR2607200000432,R01 date début/fin manquante,bloquante,2026-09-29
trajets,TR2607200000476,R01 date début/fin manquante,bloquante,2026-09-29
trajets,TR2607200000479,R01 date début/fin manquante,bloquante,2026-09-29
trajets,TR2607200000480,R01 date début/fin manquante,bloquante,2026-09-29
trajets,TR2607200000488,R01 date début/fin manquante,bloquante,2026-09-29
trajets,TR2607200000499,R01 date début/fin manquante,bloquante,2026-09-29
trajets,TR2607200000505,R01 date début/fin manquante,bloquante,2026-09-29
trajets,TR2607200000509,R01 date début/fin manquante,bloquante,2026-09-29
trajets,TR2607200000782,R01 date début/fin manquante,bloquante,2026-09-29
trajets,TR2607200000592,R01 date début/fin manquante,bloquante,2026-09-29
trajets,TR2607200000611,R01 date début/fin manquante,bloquante,2026-09-29
trajets,TR2607200000655,R01 date début/fin manquante,bloquante,2026-09-29
trajets,TR2607200000660,R01 date début/fin manquante,bloquante,2026-09-29
trajets,TR2607200000683,R01 date début/fin manquante,bloquante,2026-09-29
trajets,TR2607200000714,R01 date début/fin manquante,bloquante,2026-09-29
trajets,TR2607200000727,R01 date début/fin manquante,bloquante,2026-09-29
trajets,TR2607200000744,R01 date début/fin manquante,bloquante,2026-09-29
trajets,TR2607200000750,R01 date début/fin manquante,bloquante,2026-09-29
trajets,TR2607200000771,R01 date début/fin manquante,bloquante,2026-09-29
trajets,TR2607200000167,R01 date début/fin manquante,bloquante,2026-09-29
