station,ville,recherches,sans_engin,taux_non_service_pct
Nantes - Chantrerie,Nantes,2095,1280,61.1
Lyon - La Doua,Lyon,2153,1180,54.8
Grenoble - Saint-Martin-d'Heres Campus,Grenoble,1928,1164,60.4
Lille - Cite Scientifique,Lille,1920,981,51.1
Nantes - Saint-Felix,Nantes,1342,601,44.8
Lyon - Cordeliers,Lyon,1423,527,37.0
Nantes - Zola,Nantes,1239,510,41.2
Grenoble - Berriat,Grenoble,1232,502,40.7
Lyon - Bellecour,Lyon,1382,499,36.1
Lille - Gambetta,Lille,1258,458,36.4
Lyon - Jean Mace,Lyon,1321,434,32.9
Lille - Vauban,Lille,1266,428,33.8
Lille - Solferino,Lille,1259,425,33.8
Lyon - Croix-Rousse,Lyon,1291,404,31.3
Lyon - Gerland,Lyon,1285,389,30.3
Grenoble - Mistral,Grenoble,1148,385,33.5
Nantes - Chantenay,Nantes,1163,380,32.7
Nantes - Hauts-Paves,Nantes,1218,333,27.3
Lille - Bois-Blancs,Lille,1218,328,26.9
Nantes - Malakoff,Nantes,1175,305,26.0
