trajet_id,client_id,engin_id,type_engin,ville,station_depart,station_arrivee,debut,fin,duree_min,distance_km,montant_eur,moyen_paiement
TR2607310012334,CL105725,EN00316,velo_elec,Nantes,ST1026,ST1030,2026-07-31 00:10:15,2026-07-31 00:28:15,18,3.57,5.5,cb
TR2607310012335,CL104822,EN00123,velo_elec,Lyon,ST1018,ST1016,2026-07-31 01:17:04,2026-07-31 01:23:04,6,1.25,2.5,cb
TR2607310012336,CL101533,EN00248,trottinette,Nantes,ST1032,ST1027,2026-07-31 01:18:05,2026-07-31 01:21:05,3,0.86,1.66,cb
TR2607310012337,CL101775,EN00483,trottinette,Lille,ST1038,ST1036,2026-07-31 01:33:25,2026-07-31 01:50:25,17,5.76,4.74,abonnement
TR2607310012338,CL108449,EN00285,trottinette,Nante,ST1028,ST1023,2026-07-31 02:34:33,2026-07-31 02:41:33,7,1.17,2.54,cb
TR2607310012339,CL106979,EN00580,velo_elec,Grenoble,ST1051,ST1051,2026-07-31 03:10:24,2026-07-31 03:23:24,13,3.58,4.25,abonnement
TR2607310012340,CL102268,EN00360,trottinette,Nantes,ST1025,ST1024,31/07/2026 04:34,2026-07-31 04:59:50,25,7.42,6.5,cb
TR2607310012341,CL100964,EN00129,velo_elec,Lyon,ST1002,ST1003,31/07/2026 05:06,31/07/2026 05:49,43,9.83,11.75,cb
TR2607310012342,CL104428,EN00118,trottinette,Lyon,ST1003,ST1001,31/07/2026 05:45,2026-07-31 06:01:43,16,4.24,4.52,cb
TR2607310012343,CL104897,EN00005,velo_elec,Lyon,ST1008,ST1004,2026-07-31 05:40:35,1785469535,5,0.85,2.25,paypal
TR2607310012344,CL108863,EN00438,trottinette,Lille,ST1041,ST1041,1785468673,2026-07-31 05:56:13,25,8.08,6.5,cb
TR2607310012345,CL102206,EN00589,velo_elec,Grenoble,ST1055,ST1050,2026-07-31 05:41:15,31/07/2026 05:50,9,2.29,3.25,abonnement
TR2607310012346,CL106717,EN00334,trottinette,Nantes,ST1021,ST1025,2026-07-31 05:50:48,2026-07-31 05:57:48,7,1.12,2.54,cb
TR2607310012347,CL103176,EN00379,velo_elec,Lille,ST1046,ST1046,2026-07-31 05:55:59,31/07/2026 06:11,16,4.9,5.0,cb
TR2607310012348,CL102973,EN00201,velo_elec,Lyon,ST1007,ST1013,2026-07-31 06:11:42,2026-07-31 06:31:42,20,5.09,6.0,cb
TR2607310012349,CL107776,EN00216,velo_elec,Lyon,ST1008,ST1014,2026-07-31 06:07:57,2026-07-31 06:13:57,6,1.55,2.5,cb
TR2607310012350,CL102466,EN00123,velo_elec,Lyon,ST1009,ST1002,,2026-07-31 06:16:01,6,1.01,2.5,abonnement
TR2607310012351,CL103986,EN00084,velo_elec,lyon,ST1018,ST1004,2026-07-31 06:13:21,2026-07-31 06:31:21,18,3.47,5.5,cb
TR2607310012352,CL105018,EN00380,velo_elec,Lille,ST1037,ST1034,2026-07-31 06:03:51,2026-07-31 06:08:51,5,1.18,2.25,paypal
TR2607310012353,CL107672,EN00476,trottinette,Lille,ST1039,ST1035,2026-07-31 06:07:51,2026-07-31 06:30:51,-2,5.99,6.06,abonnement
TR2607310012354,CL104763,EN00415,trottinette,Lille,ST1042,ST1039,1785471099,2026-07-31 06:19:39,8,2.57,2.76,cb
TR2607310012355,CL102648,EN00506,trottinette,Grenoble,ST1048,ST1053,2026-07-31 06:10:14,2026-07-31 06:15:14,5,1.62,2.1,cb
TR2607310012356,CL101572,EN00511,trottinette,Grenoble,ST1050,ST1051,31/07/2026 06:10,2026-07-31 06:38:42,28,5.98,7.16,cb
TR2607310012357,CL106160,EN00580,velo_elec,Grenoble,ST1051,ST1049,2026-07-31 06:16:01,2026-07-31 06:30:01,14,4.01,4.5,cb
TR2607310012358,CL102767,EN00518,trottinette,Grenoble,ST1057,ST1055,2026-07-31 06:06:57,2026-07-31 06:16:57,10,3.37,3.2,paypal
TR2607310012359,CL100497,EN00237,velo_elec,nantes,ST1020,ST1023,1785471852,2026-07-31 06:43:12,19,6.04,5.75,abonnement
TR2607310012360,CL100583,EN00233,velo_elec,Nantes,ST1022,ST1029,2026-07-31 06:20:00,1785473400,30,5.07,8.5,abonnement
TR2607310012361,CL100744,EN00289,trottinette,Nante,ST1023,ST1020,2026-07-31 06:21:17,2026-07-31 06:36:17,15,3.24,4.3,cb
TR2607310012362,CL106905,EN00312,trottinette,Nantes,ST1030,ST1025,2026-07-31 06:21:46,2026-07-31 06:39:46,18,3.77,4.96,paypal
TR2607310012363,CL101055,EN00249,velo_elec,Nantes,ST1030,ST1020,2026-07-31 06:29:14,2026-07-31 06:35:14,6,1.78,2.5,abonnement
TR2607310012364,CL105912,EN00397,velo, Lille,ST1037,ST1040,2026-07-31 06:26:50,31/07/2026 06:39,13,3.65,2.95,cb
TR2607310012365,CL108986,EN00437,velo,Lille,ST1046,ST1043,31/07/2026 06:18,2026-07-31 06:40:19,22,6.19,4.3,cb
TR2607310012366,CL103934,EN00570,trottinette,grenoble,ST1048,ST1048,2026-07-31 06:26:51,2026-07-31 06:43:51,17,3.16,4.74,cb
TR2607310012367,CL102721,EN00558,trottinette,Grenoble,ST1056,ST1048,2026-07-31 06:23:24,2026-07-31 06:38:24,15,2.9,4.3,abonnement
TR2607310012368,CL104821,EN00097,velo_elec,Lyon,ST1014,ST1002,2026-07-31 06:38:29,2026-07-31 07:10:29,32,7.83,9.0,abonnement
TR2607310012369,CL102143,EN00277,velo_elec,Nantes,ST1029,ST1021,31/07/2026 06:43,2026-07-31 06:55:56,12,4.16,4.0,cb
TR2607310012370,CL106467,EN00238,velo_elec,Nantes,ST1032,ST1021,2026-07-31 06:44:00,31/07/2026 07:00,16,4.82,5.0,cb
TR2607310012371,CL104417,EN00384,trottinette,Lille,ST1040,ST1045,2026-07-31 06:39:08,31/07/2026 06:47,8,1.33,2.76,abonnement
TR2607310012372,CL103472,EN00445,velo_elec,Lille,ST1041,ST1036,2026-07-31 06:31:56,2026-07-31 06:40:56,9,1.63,3.25,paypal
TR2607310012373,CL108787,EN00430,velo_elec,Lille,ST1045,ST1034,2026-07-31 06:40:30,2026-07-31 07:12:30,32,10.0,9.0,paypal
TR2607310012374,CL106528,EN00534,trottinette,Grenoble,ST1057,ST1049,2026-07-31 06:35:40,2026-07-31 06:48:40,13,3.28,3.86,paypal
TR2607310012375,CL108182,EN00090,trottinette,Lyon,ST1017,ST1001,2026-07-31 06:46:28,2026-07-31 06:52:28,6,1.54,2.32,paypal
TR2607310012376,CL103046,EN00248,trottinette,Nantes,ST1028,ST1024,2026-07-31 06:48:07,1785474187,15,3.25,4.3,cb
TR2607310012377,CL100569,EN00250,velo_elec,Nantes,ST1031,ST1030,2026-07-31 06:51:29,2026-07-31 07:01:29,10,3.5,3.5,cb
TR2607310012378,CL104847,EN00377,trottinette,Lille,ST1034,ST1037,,2026-07-31 07:02:42,9,2.22,2.98,paypal
TR2607310012379,CL104362,EN00387,velo,Lille,ST1041,ST1036,31/07/2026 06:54,2026-07-31 07:02:02,8,1.84,2.2,
TR2607310012380,CL106976,EN00589,velo_elec,Grenoble,ST1050,ST1048,2026-07-31 06:57:33,2026-07-31 07:02:33,5,1.61,2.25,paypal
TR2607310012381,CL105937,EN00518,trottinette,Grenoble,ST1055,ST1049,2026-07-31 06:56:42,2026-07-31 07:02:42,6,1.98,2.32,abonnement
TR2607310012382,CL103530,EN00560,velo_elec,Grenoble,ST1058,ST1048,2026-07-31 06:53:05,2026-07-31 07:29:05,36,6.88,10.0,cb
TR2607310012383,CL100664,EN00079,velo_elec,Lyon,ST1006,ST1004,2026-07-31 07:09:37,2026-07-31 07:15:37,6,2.0,2.5,cb
TR2607310012384,CL102511,EN00095,trottinette,Lyon,ST1007,ST1003,2026-07-31 07:07:59,31/07/2026 07:28,21,7.18,5.62,paypal
TR2607310012385,CL100972,EN00037,trottinette,Lyon ,ST1007,ST1019,2026-07-31 07:11:22,31/07/2026 07:17,6,2.02,2.32,abonnement
TR2607310012386,CL106209,EN00035,velo_elec,Lyon,ST1012,ST1001,1785474091,2026-07-31 07:12:31,11,3.51,3.75,paypal
TR2607310012387,CL107512,EN00192,velo_elec,Lyon,ST1018,ST1002,2026-07-31 07:11:28,2026-07-31 07:20:28,9,2.44,3.25,abonnement
TR2607310012388,CL100117,EN00238,velo_elec,Nantes,ST1021,ST1033,31/07/2026 07:13,2026-07-31 07:17:49,4,0.82,2.0,cb
TR2607310012389,CL103534,EN00237,velo_elec,Nantes,ST1023,ST1033,2026-07-31 07:14:01,2026-07-31 07:21:01,7,2.14,2.75,cb
TR2607310012390,CL101107,EN00334,trottinette,Nantes,ST1025,ST1022,2026-07-31 07:11:34,2026-07-31 07:17:34,6,1.99,2.32,paypal
TR2607310012391,CL107789,EN00312,trottinette,nantes,ST1025,ST1022,2026-07-31 07:07:19,2026-07-31 07:20:19,13,2.65,3.86,cb
TR2607310012392,CL103807,EN00294,velo_elec,Nantes,ST1032,ST1033,2026-07-31 07:01:09,31/07/2026 07:16,15,3.89,4.75,cb
TR2607310012393,CL108806,EN00382,trottinette,Lille,ST1035,ST1035,2026-07-31 07:07:40,2026-07-31 07:16:40,9,2.51,2.98,paypal
TR2607310012394,CL106540,EN00450,trottinette,Lille,ST1040,ST1044,2026-07-31 07:08:22,2026-07-31 07:18:22,10,3.49,3.2,cb
TR2607310012395,CL102589,EN00463,velo,Lille,ST1041,ST1034,2026-07-31 07:06:43,31/07/2026 07:13,7,2.16,2.05,cb
TR2607310012396,CL102869,EN00440,trottinette,LILLE,ST1042,ST1035,2026-07-31 07:15:55,31/07/2026 07:24,9,2.27,2.98,cb
TR2607310012397,CL106213,EN00455,velo_elec,Lille,ST1043,ST1037,2026-07-31 07:13:56,2026-07-31 07:47:56,34,5.23,9.5,cb
TR2607310012398,CL104046,EN00391,velo_elec,Lille,ST1047,ST1034,2026-07-31 07:08:11,31/07/2026 07:16,8,1.42,3.0,cb
TR2607310012399,CL104058,EN00587,trottinette,Grenoble,ST1050,ST1055,31/07/2026 07:04,2026-07-31 07:45:20,41,8.3,10.02,cb
TR2607310012400,CL108237,EN00509,trottinette,Grenoble,ST1051,ST1058,31/07/2026 07:11,2026-07-31 07:17:04,6,0.94,2.32,abonnement
TR2607310012401,CL102550,EN00504,trottinette,grenoble,ST1052,ST1052,2026-07-31 07:14:04,2026-07-31 07:21:04,7,2.1,2.54,cb
TR2607310012402,CL104577,EN00546,trottinette,Grenoble,ST1054,ST1054,2026-07-31 07:01:26,2026-07-31 07:24:26,23,7.38,6.06,paypal
TR2607310012403,CL106156,EN00157,velo_elec,Lyon,ST1006,ST1011,2026-07-31 07:17:25,2026-07-31 08:09:25,52,8.57,14.0,abonnement
TR2607310012404,CL104482,EN00138,velo_elec,Lyon,ST1008,ST1004,1785475355,31/07/2026 07:31,9,3.03,3.25,cb
TR2607310012405,CL104592,EN00154,trottinette,Lyon,ST1009,ST1018,2026-07-31 07:20:19,2026-07-31 07:25:19,5,1.37,2.1,cb
TR2607310012406,CL108322,EN00119,trottinette,Lyon,ST1012,ST1003,2026-07-31 07:26:06,2026-07-31 07:34:06,8,2.01,2.76,cb
TR2607310012407,CL102473,EN00153,velo_elec,Lyon,ST1015,ST1003,2026-07-31 07:28:50,2026-07-31 07:47:50,19,6.14,5.75,cb
TR2607310012408,CL105408,EN00111,trottinette,Lyon,ST1015,ST1012,2026-07-31 07:24:42,2026-07-31 07:38:42,14,4.12,4.08,cb
TR2607310012409,CL105117,EN00091,velo_elec,Lyon,ST1018,ST1019,2026-07-31 07:24:19,2026-07-31 07:48:19,24,7.23,7.0,abonnement
TR2607310012410,CL108396,EN00299,trottinette,Nantes,ST1022,ST1028,2026-07-31 07:17:45,2026-07-31 07:29:45,12,2.59,3.64,cb
TR2607310012411,CL103653,EN00300,velo_elec,NANTES,ST1023,ST1020,1785475052,31/07/2026 07:25,8,2.76,3.0,cb
TR2607310012412,CL100806,EN00297,trottinette,Nantes,ST1023,ST1023,2026-07-31 07:25:25,2026-07-31 07:40:25,15,3.31,4.3,cb
TR2607310012413,CL106711,EN00365,velo_elec,Lille,ST1034,ST1047,31/07/2026 07:21,2026-07-31 07:28:03,7,1.95,2.75,cb
TR2607310012414,CL101145,EN00362,velo_elec,Lille,ST1038,ST1046,2026-07-31 07:17:11,1785475391,6,1.1,2.5,cb
TR2607310012415,CL104946,EN00415,trottinette,Lille,ST1039,ST1041,2026-07-31 07:21:08,2026-07-31 07:33:08,12,3.42,3.64,abonnement
TR2607310012416,CL106866,EN00499,velo,lille,ST1041,ST1035,2026-07-31 07:16:26,31/07/2026 07:22,6,1.49,1.9,cb
TR2607310012417,CL104502,EN00464,trottinette,Lille,ST1043,ST1035,2026-07-31 07:16:57,2026-07-31 07:19:57,3,0.49,1.66,paypal
TR2607310012418,CL107619,EN00498,trottinette,lille,ST1044,ST1047,2026-07-31 07:28:36,2026-07-31 07:38:36,10,3.23,3.2,abonnement
TR2607310012419,CL105145,EN00384,trottinette,Lille,ST1045,ST1035,2026-07-31 07:23:01,2026-07-31 07:29:01,6,1.51,2.32,cb
TR2607310012420,CL102418,EN00558,trottinette,Grenoble,ST1048,ST1054,31/07/2026 07:29,2026-07-31 07:50:59,21,7.15,5.62,cb
TR2607310012421,CL102824,EN00507,trottinette,Grenoble,ST1050,ST1049,2026-07-31 07:18:24,2026-07-31 07:44:24,26,4.61,6.72,abonnement
TR2607310012422,CL102940,EN00595,velo,Grenoble,ST1050,ST1049,2026-07-31 07:21:33,31/07/2026 07:31,10,1.82,2.5,
TR2607310012423,CL102088,EN00582,trottinette,Grenoble,ST1051,ST1048,1785475416,2026-07-31 07:39:36,16,3.23,4.52,paypal
TR2607310012424,CL100327,EN00556,trottinette,Grenoble,ST1054,ST1049,2026-07-31 07:20:23,2026-07-31 07:53:23,33,11.11,8.26,cb
TR2607310012425,CL101539,EN00115,velo_elec,Lyon,ST1014,ST1004,2026-07-31 07:34:54,2026-07-31 07:40:54,6,1.19,2.5,
TR2607310012426,CL103375,EN00055,trottinette,Lyon,ST1016,ST1004,2026-07-31 07:44:19,2026-07-31 07:52:19,8,2.29,2.76,abonnement
TR2607310012427,CL108594,EN00132,trottinette,Lyon,ST1016,ST1006,2026-07-31 07:45:44,2026-07-31 07:58:44,13,2.79,3.86,abonnement
TR2607310012428,CL100831,EN00348,velo_elec,Nantes,ST1023,ST1024,2026-07-31 07:40:08,31/07/2026 07:51,-18,3.78,3.75,cb
TR2607310012429,CL104823,EN00356,velo,Nantes,ST1023,ST1022,2026-07-31 07:35:36,1785477996,31,5.81,5.65,cb
TR2607310012430,CL104474,EN00248,trottinette,Nantes,ST1024,ST1021,31/07/2026 07:42,2026-07-31 07:56:12,14,3.0,4.08,abonnement
TR2607310012431,CL101865,EN00254,velo_elec,Nantes,ST1027,ST1029,31/07/2026 07:43,1785476921,5,1.58,2.25,cb
TR2607310012432,CL108342,EN00325,trottinette,Nantes,ST1028,ST1021,2026-07-31 07:34:44,,22,5.41,5.84,abonnement
TR2607310012433,CL104580,EN00316,velo_elec,Nantes,ST1033,ST1023,2026-07-31 07:39:14,1785477554,20,3.04,6.0,cb
TR2607310012434,CL988609,EN00377,trottinette,Lille,ST1037,ST1036,2026-07-31 07:39:17,2026-07-31 07:41:17,2,0.64,1.44,paypal
TR2607310012435,CL107085,EN00478,trottinette,Lille,ST1040,ST1034,2026-07-31 07:41:48,2026-07-31 08:03:48,22,5.69,5.84,cb
TR2607310012436,CL104496,EN00413,trottinette,LILLE,ST1040,ST1038,,31/07/2026 07:48,13,2.81,3.86,cb
TR2607310012437,CL108939,EN00407,velo,Lille,ST1041,ST1035,2026-07-31 07:32:13,2026-07-31 07:49:13,17,2.88,3.55,cb
TR2607310012438,CL105552,EN00400,trottinette,Lille,ST1043,ST1043,1785476154,1785476694,9,2.44,2.98,abonnement
TR2607310012439,CL100061,EN00423,velo_elec,Lille,ST1045,ST1035,2026-07-31 07:37:48,2026-07-31 07:41:48,4,0.65,2.0,cb
TR2607310012440,CL105902,EN00365,velo_elec,Lille,ST1047,ST1035,2026-07-31 07:41:35,1785476915,7,2.43,2.75,cb
TR2607310012441,CL105349,EN00406,velo_elec,Lille,ST1047,ST1036,2026-07-31 07:42:17,2026-07-31 08:27:17,45,13.9,12.25,cb
TR2607310012442,CL102867,EN00590,velo_elec,Grenoble,ST1051,ST1048,2026-07-31 07:44:10,2026-07-31 07:56:10,12,1.96,4.0,cb
TR2607310012443,CL104058,EN00566,trottinette,GRENOBLE,ST1052,ST1052,31/07/2026 07:35,1785476482,6,1.87,2.32,paypal
TR2607310012444,CL101174,EN00506,trottinette,Grenoble,ST1053,ST1048,2026-07-31 07:33:41,2026-07-31 07:44:41,11,2.79,3.42,paypal
TR2607310012445,CL103395,EN00550,velo,Grenoble,ST1053,ST1053,1785476268,2026-07-31 07:54:48,17,5.42,3.55,cb
TR2607310012446,CL103147,EN00523,velo_elec,Grenoble,ST1054,ST1048,2026-07-31 07:40:27,2026-07-31 07:56:27,16,2.5,5.0,cb
TR2607310012447,CL105143,EN00554,velo_elec,Grenoble,ST1057,ST1049,1785475991,31/07/2026 07:39,6,0.92,2.5,cb
TR2607310012448,CL101380,EN00067,velo_elec,Lyon,ST1005,ST1003,2026-07-31 07:46:43,2026-07-31 08:07:43,21,6.38,6.25,cb
TR2607310012449,CL102216,EN00023,trottinette,Lyon ,ST1011,ST1003,2026-07-31 07:54:49,2026-07-31 08:40:49,46,12.61,11.12,cb
TR2607310012450,CL106896,EN00162,velo_elec,Lyon,ST1016,ST1014,2026-07-31 07:46:51,2026-07-31 08:08:51,22,3.96,6.5,cb
TR2607310012451,CL100957,EN00047,velo_elec,Lyon,ST1019,ST1013,2026-07-31 07:50:35,2026-07-31 08:05:35,15,2.46,4.75,paypal
TR2607310012452,CL106232,EN00247,trottinette,Nantes,ST1022,ST1028,2026-07-31 07:49:25,2026-07-31 08:00:25,11,2.29,3.42,cb
TR2607310012453,CL106469,EN00224,velo_elec,nantes,ST1024,ST1020,2026-07-31 07:56:29,31/07/2026 08:03,7,2.43,2.75,cb
TR2607310012454,CL108825,EN00358,trottinette,Nantes,ST1024,ST1020,31/07/2026 07:48,31/07/2026 08:24,36,7.28,8.92,paypal
TR2607310012455,CL102131,EN00230,velo_elec,Nantes,ST1026,ST1021,1785477427,2026-07-31 08:13:07,16,3.72,5.0,cb
TR2607310012456,CL104644,EN00273,velo_elec,Nantes,ST1027,ST1022,2026-07-31 08:01:07,1785479107,24,7.97,7.0,cb
TR2607310012457,CL106593,EN00233,velo_elec,Nantes,ST1029,ST1024,2026-07-31 07:54:12,2026-07-31 08:18:12,24,5.82,7.0,cb
TR2607310012458,CL101452,EN00285,trottinette,Nantes,ST1031,ST1020,2026-07-31 07:59:00,2026-07-31 08:05:00,6,1.83,2.32,abonnement
TR2607310012459,CL108957,EN00442,trottinette,LILLE,ST1034,ST1044,31/07/2026 07:56,31/07/2026 08:06,10,2.46,3.2,abonnement
TR2607310012460,CL103095,EN00449,trottinette,LILLE,ST1041,ST1034,2026-07-31 07:59:42,2026-07-31 08:13:42,14,4.23,4.08,cb
TR2607310012461,CL104635,EN00400,trottinette,Lille,ST1043,ST1034,31/07/2026 07:52,2026-07-31 07:57:32,5,0.87,2.1,cb
TR2607310012462,CL108212,EN00418,trottinette,Lille,ST1044,ST1045,31/07/2026 07:53,2026-07-31 07:58:25,5,1.41,2.1,cb
TR2607310012463,CL102493,EN00431,velo,Lille,ST1045,ST1036,2026-07-31 07:52:14,31/07/2026 08:03,11,1.67,2.65,abonnement
TR2607310012464,CL105705,EN00362,velo_elec,Lille,ST1046,ST1037,31/07/2026 07:52,31/07/2026 07:59,7,2.19,2.75,cb
TR2607310012465,CL101222,EN00560,velo_elec,Grenoble,ST1048,ST1050,2026-07-31 07:49:27,2026-07-31 08:07:27,18,4.41,5.5,abonnement
TR2607310012466,CL101780,EN00512,velo_elec,Grenoble,ST1049,ST1052,2026-07-31 07:52:22,1785478102,16,3.65,5.0,cb
TR2607310012467,CL102593,EN00571,trottinette,Grenoble,ST1055,ST1054,2026-07-31 07:48:46,2026-07-31 07:59:46,11,2.33,3.42,abonnement
TR2607310012468,CL100930,EN00577,velo_elec,Grenoble,ST1058,ST1049,31/07/2026 07:56,2026-07-31 08:00:51,4,1.1,2.0,cb
TR2607310012469,CL106182,EN00132,trottinette,Lyon,ST1006,ST1003,2026-07-31 08:09:11,2026-07-31 08:44:11,35,11.87,8.7,abonnement
TR2607310012470,CL102736,EN00217,velo_elec,Lyon,ST1008,ST1002,2026-07-31 08:03:14,2026-07-31 08:23:14,20,3.09,6.0,cb
TR2607310012471,CL107914,EN00105,velo_elec,Lyon,ST1010,ST1011,2026-07-31 08:07:05,2026-07-31 08:19:05,12,3.45,4.0,abonnement
TR2607310012472,CL101347,EN00096,velo_elec,Lyon,ST1012,ST1003,2026-07-31 08:01:25,2026-07-31 08:37:25,36,6.74,10.0,cb
TR2607310012473,CL107578,EN00013,velo_elec,Lyon ,ST1015,ST1011,2026-07-31 08:04:23,2026-07-31 08:07:23,3,0.9,1.75,cb
TR2607310012474,CL108724,EN00196,velo_elec,lyon,ST1015,ST1017,2026-07-31 08:03:19,2026-07-31 08:12:19,9,3.09,3.25,cb
TR2607310012475,CL105208,EN00093,velo_elec,Lyon,ST1019,ST1013,2026-07-31 08:04:08,2026-07-31 08:22:08,-30,5.92,5.5,cb
TR2607310012476,CL101549,EN00325,trottinette,Nantes,ST1021,ST1029,2026-07-31 08:01:05,2026-07-31 08:13:05,12,4.11,3.64,abonnement
TR2607310012477,CL102455,EN00290,trottinette,Nantes,ST1026,ST1020,2026-07-31 08:02:45,2026-07-31 08:07:45,5,1.33,2.1,cb
TR2607310012478,CL102932,EN00337,trottinette,Nantes,ST1027,ST1021,2026-07-31 08:02:26,2026-07-31 08:29:26,27,8.36,6.94,cb
TR2607310012479,CL102957,EN00247,trottinette,Nantes,ST1028,ST1033,2026-07-31 08:13:18,2026-07-31 08:21:18,8,2.5,2.76,cb
TR2607310012480,CL104596,EN00313,trottinette,Nantes,ST1030,ST1023,,2026-07-31 08:31:33,20,5.52,5.4,cb
TR2607310012481,CL107003,EN00319,velo_elec,Nantes,ST1031,ST1025,31/07/2026 08:09,2026-07-31 08:21:48,12,2.39,4.0,cb
TR2607310012482,CL103954,EN00445,velo_elec,Lille,ST1036,ST1034,2026-07-31 08:11:14,2026-07-31 08:21:14,-26,1.68,3.5,abonnement
TR2607310012483,CL100023,EN00362,velo_elec,Lille,ST1037,ST1041,2026-07-31 08:06:27,2026-07-31 08:12:27,6,1.41,2.5,abonnement
TR2607310012484,CL108538,EN00455,velo_elec,Lille,ST1037,ST1034,2026-07-31 08:11:27,2026-07-31 08:38:27,27,6.6,7.75,cb
TR2607310012485,CL101045,EN00435,trottinette,Lille,ST1044,ST1034,,,9,1.36,2.98,abonnement
TR2607310012486,CL101982,EN00375,trottinette,Lille,ST1044,ST1034,1785478413,2026-07-31 08:24:33,11,2.05,3.42,cb
TR2607310012487,CL105287,EN00561,velo_elec,GRENOBLE,ST1051,ST1056,2026-07-31 08:11:08,2026-07-31 08:25:08,14,2.3,4.5,cb
TR2607310012488,CL100478,EN00550,velo,Grenoble,ST1053,ST1050,,2026-07-31 08:12:54,8,1.2,2.2,cb
TR2607310012489,CL102556,EN00515,trottinette,Grenoble,ST1055,ST1048,2026-07-31 08:05:09,2026-07-31 08:12:09,7,1.05,2.54,paypal
TR2607310012490,CL106815,EN00584,trottinette,Grenoble,ST1056,ST1049,2026-07-31 08:05:47,31/07/2026 08:12,7,1.74,2.54,paypal
TR2607310012491,CL101312,EN00569,trottinette,Grenoble,ST1058,ST1051,2026-07-31 08:15:09,2026-07-31 08:23:09,8,1.28,2.76,cb
TR2607310012492,CL108979,EN00509,trottinette,Grenoble,ST1058,ST1050,1785477825,2026-07-31 08:10:45,7,2.24,2.54,cb
TR2607310012493,CL107919,EN00036,velo_elec,LYON,ST1001,ST1006,31/07/2026 08:17,2026-07-31 08:40:11,23,5.85,6.75,cb
TR2607310012494,CL107359,EN00133,velo_elec,Lyon,ST1002,ST1016,2026-07-31 08:29:27,2026-07-31 08:40:27,11,3.4,3.75,paypal
TR2607310012495,CL103469,EN00001,velo_elec,Lyon,ST1009,ST1002,2026-07-31 08:20:59,2026-07-31 08:23:59,3,0.59,1.75,abonnement
TR2607310012496,CL103175,EN00143,velo,Lyon,ST1010,ST1002,31/07/2026 08:27,2026-07-31 08:55:08,28,8.96,5.2,abonnement
TR2607310012497,CL104443,EN00094,velo_elec,Lyon,ST1018,ST1015,1785478836,2026-07-31 08:38:36,18,4.49,5.5,cb
TR2607310012498,CL103056,EN00316,velo_elec,Nantes,ST1023,ST1022,31/07/2026 08:21,2026-07-31 08:34:10,13,4.49,4.25,cb
TR2607310012499,CL108143,EN00354,velo_elec,Nantes,ST1026,ST1021,2026-07-31 08:22:34,2026-07-31 08:29:34,7,1.11,2.75,paypal
TR2607310012500,CL104960,EN00357,trottinette,Nantes,ST1027,ST1022,2026-07-31 08:22:30,2026-07-31 08:35:30,13,4.55,3.86,abonnement
TR2607310012501,CL108265,EN00325,trottinette,Nantes,ST1029,ST1020,1785479156,2026-07-31 08:44:56,19,3.95,5.18,cb
TR2607310012502,CL102939,EN00254,velo_elec,Nantes,ST1029,ST1022,2026-07-31 08:24:05,2026-07-31 08:41:05,17,5.76,5.25,abonnement
TR2607310012503,CL102788,EN00221,velo_elec,Nantes,ST1031,ST1021,2026-07-31 08:21:21,2026-07-31 08:45:21,24,3.92,7.0,cb
TR2607310012504,CL108251,EN00329,trottinette,Nantes,ST1032,ST1021,2026-07-31 08:17:00,2026-07-31 08:29:00,12,3.42,3.64,cb
TR2607310012505,CL105720,EN00264,trottinette,Nantes,ST1032,ST1020,2026-07-31 08:21:56,2026-07-31 08:35:56,14,2.82,4.08,abonnement
TR2607310012506,CL106014,EN00244,trottinette,Nantes,ST1033,ST1022,1785478836,31/07/2026 08:23,3,1.03,,cb
TR2607310012507,CL100439,EN00478,trottinette,Lille,ST1034,ST1043,2026-07-31 08:25:32,31/07/2026 08:29,4,1.02,1.88,paypal
TR2607310012508,CL100704,EN00393,trottinette,Lille,ST1038,ST1035,2026-07-31 08:15:56,2026-07-31 08:25:56,10,2.15,3.2,cb
TR2607310012509,CL107835,EN00385,velo_elec,Lille,ST1038,ST1036,2026-07-31 08:16:57,31/07/2026 08:43,27,7.17,7.75,paypal
TR2607310012510,CL108229,EN00386,trottinette,Lille,ST1038,ST1034,2026-07-31 08:18:28,2026-07-31 08:45:28,27,9.3,6.94,abonnement
TR2607310012511,CL102541,EN00428,velo_elec,Lille,ST1042,ST1034,2026-07-31 08:24:52,2026-07-31 08:54:52,30,7.46,8.5,cb
TR2607310012512,CL100721,EN00424,velo_elec,Lille,ST1043,ST1035,2026-07-31 08:18:52,1785479392,11,2.67,3.75,cb
TR2607310012513,CL108500,EN00379,velo_elec,Lille,ST1046,ST1035,2026-07-31 08:16:15,2026-07-31 08:20:15,4,1.08,2.0,cb
TR2607310012514,CL105051,EN00399,trottinette,Lille,ST1047,ST1047,2026-07-31 08:18:22,2026-07-31 08:33:22,15,4.11,4.3,abonnement
TR2607310012515,CL106553,EN00567,velo_elec,grenoble,ST1051,ST1048,2026-07-31 08:20:49,2026-07-31 08:27:49,7,1.86,2.75,cb
TR2607310012516,CL100525,EN00511,trottinette,Grenoble,ST1051,ST1049,2026-07-31 08:18:23,2026-07-31 08:33:23,15,3.0,4.3,cb
TR2607310012517,CL100754,EN00530,velo_elec,Grenoble,ST1052,ST1048,2026-07-31 08:19:49,2026-07-31 08:26:49,7,1.62,2.75,cb
TR2607310012518,CL100408,EN00558,trottinette,Grenoble,ST1054,ST1049,2026-07-31 08:17:29,1785479069,7,1.37,2.54,cb
TR2607310012519,CL103080,EN00547,trottinette,Grenoble,ST1057,ST1055,2026-07-31 08:17:55,2026-07-31 08:35:55,18,3.49,4.96,cb
TR2607310012520,CL101689,EN00551,trottinette,Grenoble,ST1058,ST1058,2026-07-31 08:19:06,2026-07-31 08:34:06,15,3.31,4.3,abonnement
TR2607310012521,CL106778,EN00003,velo_elec,Lyon,ST1005,ST1001,31/07/2026 08:34,,5,1.42,2.25,cb
TR2607310012522,CL103885,EN00110,velo_elec,Lyon,ST1005,ST1019,31/07/2026 08:37,2026-07-31 08:42:43,5,1.17,2.25,cb
TR2607310012523,CL105727,EN00019,trottinette,Lyon,ST1007,ST1002,2026-07-31 08:34:54,2026-07-31 08:50:54,16,5.22,4.52,cb
TR2607310012524,CL108024,EN00215,velo_elec,Lyon,ST1009,ST1002,2026-07-31 08:32:49,2026-07-31 08:40:49,8,1.25,3.0,cb
TR2607310012525,CL104900,EN00039,velo_elec,Lyon,ST1014,ST1004,2026-07-31 08:40:31,31/07/2026 09:01,21,3.55,6.25,cb
TR2607310012526,CL104262,EN00054,trottinette,Lyon,ST1019,ST1004,2026-07-31 08:44:59,2026-07-31 08:52:59,8,2.66,2.76,cb
TR2607310012527,CL103043,EN00224,velo_elec,Nantes,ST1020,ST1025,2026-07-31 08:44:21,31/07/2026 08:51,7,1.72,2.75,cb
TR2607310012528,CL102533,EN00249,velo_elec,Nantes,ST1020,ST1030,2026-07-31 08:34:11,2026-07-31 08:59:11,25,5.83,7.25,abonnement
TR2607310012529,CL104188,EN00307,trottinette,Nantes,ST1024,ST1020,2026-07-31 08:39:46,31/07/2026 08:54,15,2.55,4.3,cb
TR2607310012530,CL103225,EN00319,velo_elec,Nantes,ST1025,ST1022,31/07/2026 08:45,2026-07-31 08:51:51,6,1.02,2.5,cb
TR2607310012531,CL103402,EN00266,velo_elec,Nantes,ST1030,ST1022,2026-07-31 08:44:42,2026-07-31 08:48:42,4,0.88,2.0,cb
TR2607310012532,CL101950,EN00261,trottinette,Nantes,ST1031,ST1021,1785480148,31/07/2026 09:02,20,3.4,5.4,cb
TR2607310012533,CL108399,EN00265,trottinette,Nantes,ST1032,ST1022,,2026-07-31 09:19:14,40,6.63,9.8,cb
TR2607310012534,CL104828,EN00492,velo_elec,Lille,ST1040,ST1034,2026-07-31 08:43:04,2026-07-31 08:48:04,5,1.31,2.25,cb
TR2607310012535,CL105369,EN00362,velo_elec,Lille,ST1041,ST1036,2026-07-31 08:38:29,2026-07-31 08:46:29,8,2.51,3.0,cb
TR2607310012536,CL106543,EN00460,velo_elec,Lille,ST1044,ST1043,2026-07-31 08:33:14,2026-07-31 08:47:14,14,4.27,4.5,cb
TR2607310012537,CL107615,EN00418,trottinette,lille,ST1045,ST1035,2026-07-31 08:39:23,2026-07-31 08:52:23,13,3.03,3.86,cb
TR2607310012538,CL101577,EN00448,velo,Lille,ST1045,ST1038,2026-07-31 08:34:56,2026-07-31 08:54:56,20,4.53,4.0,cb
TR2607310012539,CL100847,EN00566,trottinette,Grenoble,ST1052,ST1052,31/07/2026 08:38,2026-07-31 08:48:36,10,2.51,3.2,cb
TR2607310012540,CL104722,EN00512,velo_elec,Grenoble,ST1052,ST1048,1785479649,2026-07-31 08:53:09,19,5.77,5.75,cb
TR2607310012541,CL106479,EN00504,trottinette,Grenoble,ST1052,ST1049,2026-07-31 08:31:16,2026-07-31 08:41:16,10,2.52,3.2,cb
TR2607310012542,CL103963,EN00592,velo_elec,Grenoble,ST1054,ST1048,2026-07-31 08:40:47,2026-07-31 08:49:47,9,2.16,3.25,abonnement
TR2607310012543,CL106947,EN00571,trottinette,Grenoble,ST1054,ST1049,31/07/2026 08:35,,7,2.11,2.54,cb
TR2607310012544,CL104360,EN00546,trottinette,Grenoble,ST1054,ST1049,2026-07-31 08:39:51,31/07/2026 09:00,21,6.09,5.62,cb
TR2607310012545,CL102942,EN00574,velo,Grenoble,ST1054,ST1048,31/07/2026 08:33,2026-07-31 08:41:47,8,2.6,2.2,cb
TR2607310012546,CL105543,EN00597,trottinette,Grenoble,ST1057,ST1048,2026-07-31 08:36:20,31/07/2026 08:39,3,0.86,1.66,cb
TR2607310012547,CL100821,EN00536,velo_elec,Grenoble,ST1057,ST1052,2026-07-31 08:31:35,2026-07-31 08:41:35,10,3.34,3.5,cb
TR2607310012548,CL101368,EN00003,velo_elec,Lyon,ST1001,ST1017,2026-07-31 08:51:54,,10,3.43,3.5,abonnement
TR2607310012549,CL106723,EN00186,trottinette,Lyon,ST1005,ST1003,2026-07-31 08:55:02,2026-07-31 09:04:02,9,1.41,2.98,abonnement
TR2607310012550,CL105241,EN00036,velo_elec,LYON,ST1006,ST1001,31/07/2026 08:52,2026-07-31 09:05:28,13,4.13,4.25,abonnement
TR2607310012551,CL101348,EN00117,trottinette,Lyon,ST1014,ST1003,2026-07-31 08:47:34,2026-07-31 08:50:34,3,0.55,1.66,cb
TR2607310012552,CL103779,EN00110,velo_elec,Lyon,ST1019,ST1006,31/07/2026 08:51,2026-07-31 08:55:35,4,1.37,2.0,cb
TR2607310012553,CL100048,EN00316,velo_elec,Nantes,ST1022,ST1022,2026-07-31 08:48:34,2026-07-31 08:52:34,4,0.98,2.0,cb
TR2607310012554,CL103106,EN00244,trottinette,Nantes,ST1022,ST1023,2026-07-31 08:57:49,2026-07-31 09:01:49,4,1.23,1.88,abonnement
TR2607310012555,CL103516,EN00222,velo_elec,Nantes,ST1025,ST1033,31/07/2026 08:53,2026-07-31 08:58:35,5,1.65,2.25,abonnement
TR2607310012556,CL104177,EN00226,velo_elec,Nantes,ST1025,ST1022,2026-07-31 08:51:22,2026-07-31 09:10:22,19,2.89,5.75,cb
TR2607310012557,CL102068,EN00259,trottinette,Nantes,ST1026,ST1020,2026-07-31 08:48:16,2026-07-31 08:51:16,3,0.67,1.66,paypal
TR2607310012558,CL105485,EN00343,velo,NANTES,ST1027,ST1021,2026-07-31 08:51:45,2026-07-31 08:59:45,8,1.9,2.2,cb
TR2607310012559,CL101496,EN00321,velo_elec,Nantes,ST1028,ST1031,2026-07-31 08:59:01,2026-07-31 09:09:01,10,2.36,3.5,paypal
TR2607310012560,CL107462,EN00351,trottinette,Nantes,ST1032,ST1022,31/07/2026 08:57,2026-07-31 09:05:47,8,1.88,2.76,cb
TR2607310012561,CL102195,EN00257,trottinette,Nantes,ST1032,ST1022,2026-07-31 08:58:27,2026-07-31 09:09:27,11,2.33,3.42,cb
TR2607310012562,CL102096,EN00475,trottinette,Lille,ST1038,ST9190,2026-07-31 08:50:41,2026-07-31 09:24:41,34,9.76,8.48,cb
TR2607310012563,CL100887,EN00373,velo_elec,Lille,ST1038,ST1047,2026-07-31 08:59:03,2026-07-31 09:07:03,8,2.19,3.0,paypal
TR2607310012564,CL107498,EN00413,trottinette,lille,ST1038,ST1043,31/07/2026 08:51,,32,7.78,8.04,paypal
TR2607310012565,CL101600,EN00401,trottinette,Lille,ST1039,ST1036,2026-07-31 08:50:38,2026-07-31 09:10:38,20,3.82,5.4,cb
TR2607310012566,CL104496,EN00478,trottinette,Lille,ST1043,ST1043,2026-07-31 08:59:46,2026-07-31 09:09:46,10,1.8,3.2,abonnement
TR2607310012567,CL102061,EN00450,trottinette,Lille,ST1044,ST1034,2026-07-31 08:57:03,2026-07-31 09:00:03,3,0.88,1.66,cb
TR2607310012568,CL106859,EN00442,trottinette,Lille,ST1044,ST1036,31/07/2026 09:00,2026-07-31 09:13:06,13,3.99,3.86,cb
TR2607310012569,CL102744,EN00473,trottinette,Lille,ST1044,ST1047,1785480589,2026-07-31 09:20:49,31,6.92,7.82,paypal
TR2607310012570,CL108410,EN00569,trottinette,grenoble,ST1051,ST1048,31/07/2026 09:00,1785482593,23,4.16,6.06,cb
TR2607310012571,CL106792,EN00514,velo_elec,Grenoble,ST1052,ST1048,2026-07-31 08:59:51,2026-07-31 09:09:51,10,2.03,3.5,abonnement
TR2607310012572,CL104022,EN00596,velo_elec,Grenoble,ST1052,ST1048,2026-07-31 08:48:38,2026-07-31 08:58:38,10,3.25,3.5,cb
TR2607310012573,CL100917,EN00544,velo_elec,Grenoble,ST1052,ST1048,2026-07-31 08:51:34,2026-07-31 08:57:34,6,1.35,2.5,paypal
TR2607310012574,CL104956,EN00517,trottinette,Grenoble,ST1058,ST1051,1785480931,2026-07-31 09:11:31,16,3.37,4.52,cb
TR2607310012575,CL106516,EN00110,velo_elec,Lyon,ST1006,ST1002,2026-07-31 09:00:35,2026-07-31 09:10:35,10,3.25,3.5,abonnement
TR2607310012576,CL107426,EN00104,trottinette,Lyon,ST1015,ST1001,2026-07-31 09:04:04,2026-07-31 09:14:04,10,3.01,3.2,abonnement
TR2607310012577,CL108854,EN00299,trottinette,Nantes,ST1028,ST1021,1785481676,2026-07-31 09:10:56,3,0.83,1.66,paypal
TR2607310012578,CL102815,EN00229,trottinette,Nantes,ST1030,ST1033,2026-07-31 09:12:08,31/07/2026 09:38,26,7.35,6.72,cb
TR2607310012579,CL105960,EN00445,velo_elec,Lille,ST1034,ST1036,2026-07-31 09:10:56,31/07/2026 09:27,17,3.34,5.25,cb
TR2607310012580,CL107313,EN00494,velo_elec,Lille,ST1038,ST1046,2026-07-31 09:09:08,31/07/2026 09:18,9,3.13,3.25,paypal
TR2607310012581,CL101603,EN00462,velo_elec,Lille,ST1040,ST1038,,2026-07-31 09:10:14,9,2.48,3.25,cb
TR2607310012582,CL108827,EN00415,trottinette,Lille,ST1041,ST1034,2026-07-31 09:14:47,31/07/2026 09:29,15,2.41,4.3,paypal
TR2607310012583,CL104422,EN00460,velo_elec,Lille,ST1043,ST1047,1785481384,2026-07-31 09:15:04,12,2.47,4.0,cb
TR2607310012584,CL105794,EN00560,velo_elec,Grenoble,ST1050,ST1048,2026-07-31 09:13:02,31/07/2026 09:18,5,1.18,2.25,cb
TR2607310012585,CL105426,EN00509,trottinette,Grenoble,ST1050,ST1049,2026-07-31 09:06:30,,22,6.64,5.84,
TR2607310012586,CL102088,EN00555,velo,Grenoble,ST1051,ST1048,2026-07-31 09:04:59,2026-07-31 09:14:59,10,2.86,2.5,paypal
TR2607310012587,CL104028,EN00510,velo,Grenoble,ST1054,ST1048,2026-07-31 09:05:13,2026-07-31 09:17:13,12,1.93,2.8,cb
TR2607310012588,CL102267,EN00587,trottinette,Grenoble,ST1055,ST1048,2026-07-31 09:12:53,,18,5.62,4.96,cb
TR2607310012589,CL107373,EN00532,velo_elec,Grenoble,ST1057,ST1049,2026-07-31 09:03:44,2026-07-31 09:22:44,19,5.51,5.75,cb
TR2607310012590,CL106035,EN00539,velo_elec,Grenoble,ST1058,ST1048,2026-07-31 09:07:13,2026-07-31 09:41:13,34,10.77,9.5,cb
TR2607310012591,CL106752,EN00136,trottinette,Lyon,ST1005,ST1002,31/07/2026 09:25,2026-07-31 09:39:51,14,4.63,4.08,
TR2607310012592,CL108413,EN00199,velo_elec,Lyon,ST1008,ST1017,2026-07-31 09:18:19,1785482839,9,1.49,3.25,abonnement
TR2607310012593,CL108599,EN00063,velo_elec,lyon,ST1011,ST1006,2026-07-31 09:30:07,2026-07-31 09:58:07,28,5.31,8.0,abonnement
TR2607310012594,CL108740,EN00133,velo_elec,Lyon,ST1016,ST1004,2026-07-31 09:23:35,31/07/2026 09:28,5,1.38,2.25,cb
TR2607310012595,CL106643,EN00249,velo_elec,Nantes,ST1030,ST1021,2026-07-31 09:27:05,2026-07-31 09:44:05,17,4.26,5.25,
TR2607310012596,CL108882,EN00272,trottinette,Nantes,ST1031,ST1027,2026-07-31 09:27:43,2026-07-31 09:36:43,9,2.98,2.98,abonnement
TR2607310012597,CL105188,EN00280,trottinette,Nantes,ST1033,ST1021,2026-07-31 09:23:58,2026-07-31 09:40:58,17,2.76,4.74,cb
TR2607310012598,CL105153,EN00408,velo_elec,Lille,ST1039,ST1035,1785483022,2026-07-31 10:03:22,33,8.8,9.25,cb
TR2607310012599,CL108640,EN00444,trottinette,Lille,ST1040,ST1047,2026-07-31 09:23:10,2026-07-31 09:36:10,13,2.84,3.86,abonnement
TR2607310012600,CL101198,EN00414,velo_elec,Lille,ST1040,ST1038,2026-07-31 09:18:02,1785483482,20,6.57,6.0,cb
TR2607310012601,CL104114,EN00378,velo_elec,Lille,ST1040,ST1036,31/07/2026 09:18,31/07/2026 09:23,5,1.48,2.25,abonnement
TR2607310012602,CL106211,EN00447,velo,Lille,ST1041,ST1036,2026-07-31 09:27:20,2026-07-31 09:42:20,15,3.33,3.25,cb
TR2607310012603,CL108247,EN00422,velo_elec,Lille,ST1042,ST1034,2026-07-31 09:29:58,2026-07-31 09:33:58,4,0.92,2.0,paypal
TR2607310012604,CL102292,EN00484,velo_elec,Lille,ST1042,ST1045,2026-07-31 09:18:25,2026-07-31 09:43:25,25,6.25,7.25,cb
TR2607310012605,CL100443,EN00389,trottinette,Lille,ST1044,ST1046,2026-07-31 09:22:58,2026-07-31 09:54:58,32,9.99,8.04,cb
TR2607310012606,CL104801,EN00460,velo_elec,Lille,ST1047,ST1036,2026-07-31 09:17:35,2026-07-31 09:23:35,6,1.82,2.5,cb
TR2607310012607,CL107539,EN00517,trottinette,Grenoble,ST1051,ST1050,31/07/2026 09:19,2026-07-31 09:28:12,9,2.37,2.98,
TR2607310012608,CL105957,EN00566,trottinette,Grenoble,ST1052,ST1057,2026-07-31 09:25:23,31/07/2026 09:30,5,0.92,2.1,cb
TR2607310012609,CL100666,EN00600,trottinette,Grenoble,ST1052,ST1055,31/07/2026 09:20,2026-07-31 09:34:28,14,3.18,4.08,cb
TR2607310012610,CL106528,EN00537,velo_elec,Grenoble,ST1055,ST1048,1785482512,2026-07-31 09:30:52,9,2.09,3.25,abonnement
TR2607310012611,CL105529,EN00593,trottinette,Grenoble,ST1056,ST1048,2026-07-31 09:16:32,31/07/2026 09:23,7,1.68,2.54,cb
TR2607310012612,CL100270,EN00599,trottinette,Grenoble,ST1057,ST1058,2026-07-31 09:23:43,2026-07-31 09:26:43,3,0.9,1.66,abonnement
TR2607310012613,CL104558,EN00019,trottinette,Lyon,ST1002,ST1008,31/07/2026 09:40,2026-07-31 10:01:00,21,5.42,5.62,abonnement
TR2607310012614,CL106691,EN00011,velo_elec,Lyon,ST1008,ST1004,1785483801,2026-07-31 09:59:21,16,3.47,5.0,abonnement
TR2607310012615,CL105104,EN00154,trottinette,Lyon,ST1018,ST1004,2026-07-31 09:31:47,31/07/2026 09:49,18,4.2,4.96,cb
TR2607310012616,CL106468,EN00214,trottinette,Lyon,ST1019,ST9504,2026-07-31 09:35:11,2026-07-31 09:57:11,22,6.24,5.84,cb
TR2607310012617,CL104653,EN00346,velo,Nantes,ST1027,ST1022,2026-07-31 09:40:35,2026-07-31 09:47:35,7,2.16,2.05,cb
TR2607310012618,CL104999,EN00228,trottinette,Nantes,ST1032,ST1021,2026-07-31 09:36:31,2026-07-31 10:06:31,30,6.61,7.6,cb
TR2607310012619,CL104094,EN00469,velo,LILLE,ST1039,ST1041,2026-07-31 09:42:04,2026-07-31 09:46:04,4,1.12,1.6,cb
TR2607310012620,CL108019,EN00454,velo,Lille,ST1042,ST1042,2026-07-31 09:32:46,1785484066,15,3.71,3.25,cb
TR2607310012621,CL105390,EN00478,trottinette,Lille,ST1043,ST1034,2026-07-31 09:41:57,2026-07-31 09:51:57,10,1.88,3.2,cb
TR2607310012622,CL105200,EN00496,velo_elec,Lille,ST1043,ST1036,2026-07-31 09:43:41,2026-07-31 10:03:41,20,5.72,6.0,cb
TR2607310012623,CL901292,EN00392,velo_elec,Lille,ST1043,ST1034,2026-07-31 09:31:38,2026-07-31 09:45:38,14,2.97,4.5,abonnement
TR2607310012624,CL100932,EN00550,velo,Grenoble,ST1050,ST1054,31/07/2026 09:36,2026-07-31 09:39:08,3,0.77,1.45,
TR2607310012625,CL105262,EN00559,trottinette,grenoble,ST1056,ST1049,31/07/2026 09:39,2026-07-31 09:43:13,4,1.14,1.88,cb
TR2607310012626,CL105230,EN00566,trottinette,Grenoble,ST1057,ST1048,2026-07-31 09:44:37,31/07/2026 09:54,10,1.69,3.2,abonnement
TR2607310012627,CL102408,EN00501,trottinette,Grenoble,ST1058,ST1056,2026-07-31 09:40:09,31/07/2026 09:44,4,1.25,1.88,abonnement
TR2607310012628,CL104886,EN00207,velo_elec,Lyon,ST1013,ST1003,1785484046,31/07/2026 10:09,22,7.63,6.5,paypal
TR2607310012629,CL108724,EN00094,velo_elec,Lyonn,ST1015,ST1005,2026-07-31 09:53:58,2026-07-31 10:27:58,34,5.28,9.5,paypal
TR2607310012630,CL101936,EN00399,trottinette,Lille,ST1047,ST1035,2026-07-31 09:47:35,2026-07-31 10:07:35,20,4.47,5.4,paypal
TR2607310012631,CL103991,EN00525,velo,Grenoble,ST1051,ST1050,2026-07-31 09:57:46,31/07/2026 10:03,6,1.79,1.9,cb
TR2607310012632,CL100528,EN00502,velo,GRENOBLE,ST1051,ST1048,1785484399,2026-07-31 10:07:19,14,3.48,3.1,abonnement
TR2607310012633,CL102678,EN00564,velo,Grenoble,ST1057,ST1054,31/07/2026 09:51,2026-07-31 10:08:00,17,4.43,3.55,cb
TR2607310012634,CL100337,EN00563,trottinette,Grenoble,ST1058,ST1049,2026-07-31 09:56:51,2026-07-31 10:19:51,23,5.67,6.06,abonnement
TR2607310012635,CL108594,EN00172,trottinette,Lyon,ST1013,ST1012,2026-07-31 10:13:10,2026-07-31 10:24:10,11,1.84,3.42,cb
TR2607310012636,CL104460,EN00307,trottinette,Nantes,ST1020,ST1028,2026-07-31 10:09:30,31/07/2026 10:14,5,1.08,2.1,abonnement
TR2607310012637,CL106334,EN00425,velo_elec,Lille,ST1038,ST1035,2026-07-31 10:02:41,2026-07-31 10:27:41,25,7.39,7.25,cb
TR2607310012638,CL101685,EN00066,trottinette,Lyon,ST1009,ST1009,31/07/2026 10:18,2026-07-31 10:22:47,4,0.77,1.88,abonnement
TR2607310012639,CL102682,EN00244,trottinette,NANTES,ST1023,ST1027,2026-07-31 10:26:04,2026-07-31 10:34:04,8,1.43,2.76,abonnement
TR2607310012640,CL105863,EN00272,trottinette,Nantes,ST1027,ST1028,2026-07-31 10:26:20,2026-07-31 10:40:20,14,4.63,4.08,cb
TR2607310012641,CL102880,EN00525,velo,Grenoble,ST1050,ST1049,2026-07-31 10:19:04,2026-07-31 10:26:04,7,1.54,2.05,abonnement
TR2607310012642,CL106652,EN00550,velo,Grenoble,ST1054,ST1053,31/07/2026 10:27,2026-07-31 10:37:55,10,2.02,2.5,abonnement
TR2607310012643,CL102427,EN00522,velo_elec,Grenoble,ST1055,ST1053,2026-07-31 10:16:21,2026-07-31 10:32:21,16,4.3,5.0,cb
TR2607310012644,CL105120,EN00213,trottinette,Lyon,ST1014,ST1016,2026-07-31 10:33:18,31/07/2026 10:45,12,2.06,3.64,cb
TR2607310012645,CL105850,EN00112,velo_elec,lyon,ST1019,ST1015,2026-07-31 10:43:58,2026-07-31 11:17:58,34,10.91,9.5,cb
TR2607310012646,CL104647,EN00224,velo_elec,Nantes,ST1025,ST1025,2026-07-31 10:40:55,2026-07-31 10:53:55,13,2.56,4.25,cb
TR2607310012647,CL108837,EN00430,velo_elec,Lille,ST1034,ST1037,2026-07-31 10:45:31,2026-07-31 11:08:31,23,7.7,6.75,cb
TR2607310012648,CL108061,EN00462,velo_elec,Lille,ST1038,ST1038,2026-07-31 10:37:51,2026-07-31 10:40:51,3,0.98,1.75,paypal
TR2607310012649,CL104124,EN00454,velo,Lille,ST1042,ST1037,2026-07-31 10:34:29,2026-07-31 10:53:29,19,5.73,3.85,abonnement
TR2607310012650,CL104940,EN00164,trottinette,Lyon,ST1004,ST1002,2026-07-31 10:53:14,2026-07-31 11:03:14,10,3.4,3.2,paypal
TR2607310012651,CL100417,EN00261,trottinette,Nantes,ST1021,ST1027,2026-07-31 10:52:20,2026-07-31 10:55:20,3,0.55,1.66,abonnement
TR2607310012652,CL100489,EN00263,trottinette,Nantes,ST1028,ST1029,,2026-07-31 11:02:48,14,2.53,4.08,cb
TR2607310012653,CL108135,EN00286,velo_elec,Nantes,ST1032,ST1021,2026-07-31 10:59:34,2026-07-31 11:07:34,8,2.33,3.0,cb
TR2607310012654,CL103861,EN00309,trottinette,Nantes,ST1033,ST1026,31/07/2026 10:47,2026-07-31 11:07:50,20,5.47,5.4,cb
TR2607310012655,CL101590,EN00412,trottinette,Lille,ST1035,ST1047,2026-07-31 10:46:25,2026-07-31 10:54:25,8,1.36,2.76,cb
TR2607310012656,CL108551,EN00462,velo_elec,Lille,ST1038,ST1043,31/07/2026 10:55,2026-07-31 11:03:40,8,1.79,3.0,cb
TR2607310012657,CL100296,EN00090,trottinette,Lyon,ST1001,ST1011,2026-07-31 11:11:32,31/07/2026 11:29,18,3.9,4.96,cb
TR2607310012658,CL100589,EN00066,trottinette,Lyonn,ST1009,ST1009,1785488951,2026-07-31 11:17:11,8,1.44,2.76,abonnement
TR2607310012659,CL106039,EN00199,velo_elec,Lyon,ST1017,ST1019,,2026-07-31 11:23:09,9,1.96,3.25,abonnement
TR2607310012660,CL104882,EN00247,trottinette,Nantes,ST1033,ST1032,2026-07-31 11:06:33,2026-07-31 11:12:33,6,1.72,2.32,cb
TR2607310012661,CL101281,EN00579,trottinette,Grenoble,ST1052,ST1052,2026-07-31 11:12:30,2026-07-31 11:45:30,33,9.74,8.26,abonnement
TR2607310012662,CL106754,EN00551,trottinette,Grenoble,ST1058,ST1056,2026-07-31 11:12:35,2026-07-31 11:40:35,28,5.64,7.16,cb
TR2607310012663,CL107425,EN00044,trottinette,Lyon,ST1004,ST1019,31/07/2026 11:18,31/07/2026 11:30,12,2.22,3.64,abonnement
TR2607310012664,CL108224,EN00313,trottinette,Nantes,ST1023,ST1029,1785489786,2026-07-31 11:39:06,16,2.92,4.52,cb
TR2607310012665,CL105205,EN00295,velo_elec,Nante,ST1026,ST1029,2026-07-31 11:24:59,2026-07-31 11:38:59,14,4.09,4.5,cb
TR2607310012666,CL106500,EN00458,velo,Lille,ST1042,ST1044,31/07/2026 11:28,2026-07-31 11:39:49,11,3.28,2.65,abonnement
TR2607310012667,CL106612,EN00522,velo_elec,GRENOBLE,ST1053,ST1058,2026-07-31 11:25:14,2026-07-31 11:30:14,5,0.75,2.25,abonnement
TR2607310012668,CL100493,EN00600,trottinette,Grenoble,ST1055,ST1058,2026-07-31 11:27:50,31/07/2026 11:53,26,4.77,6.72,cb
TR2607310012669,CL100017,EN00175,trottinette,Lyon,ST1002,ST1007,2026-07-31 11:32:29,2026-07-31 11:52:29,20,3.72,5.4,abonnement
TR2607310012670,CL106391,EN00063,velo_elec,Lyon,ST1006,ST1008,2026-07-31 11:41:23,2026-07-31 11:57:23,16,4.42,5.0,cb
TR2607310012671,CL108219,EN00193,trottinette,Lyon,ST1016,ST1006,2026-07-31 11:44:30,2026-07-31 12:01:30,17,3.67,4.74,abonnement
TR2607310012672,CL103412,EN00329,trottinette,Nantes,ST1021,ST1026,31/07/2026 11:44,31/07/2026 11:52,8,1.94,2.76,cb
TR2607310012673,CL104994,EN00428,velo_elec,Lille,ST1034,ST1034,2026-07-31 11:37:13,31/07/2026 11:45,8,1.29,3.0,cb
TR2607310012674,CL101503,EN00430,velo_elec,Lille,ST1037,ST1041,,2026-07-31 12:21:05,49,8.81,13.25,cb
TR2607310012675,CL103967,EN00470,trottinette,lille,ST1040,ST1045,2026-07-31 11:33:26,31/07/2026 11:50,17,3.38,4.74,paypal
TR2607310012676,CL105826,EN00556,trottinette,Grenoble,ST1049,ST1049,2026-07-31 11:37:25,2026-07-31 11:45:25,8,2.12,2.76,cb
TR2607310012677,CL101105,EN00520,velo_elec,Grenoble,ST1058,ST1051,2026-07-31 11:44:08,1785491648,10,2.76,3.5,cb
TR2607310012678,CL101756,EN00145,trottinette,Lyon,ST1013,ST1002,31/07/2026 11:54,2026-07-31 12:24:09,30,6.68,7.6,abonnement
TR2607310012679,CL107707,EN00213,trottinette,Lyon,ST1016,ST1004,31/07/2026 11:46,31/07/2026 11:51,5,1.28,2.1,cb
TR2607310012680,CL102330,EN00277,velo_elec,Nantes,ST1021,ST1029,2026-07-31 11:54:01,2026-07-31 12:02:01,8,2.13,3.0,cb
TR2607310012681,CL100117,EN00360,trottinette,Nantes,ST1024,ST1028,2026-07-31 11:55:41,2026-07-31 12:02:41,7,2.41,2.54,abonnement
TR2607310012682,CL108495,EN00428,velo_elec,Lille,ST1034,ST1040,1785491876,2026-07-31 12:01:56,4,0.66,2.0,cb
TR2607310012683,CL103162,EN00454,velo,Lille,ST1037,ST1045,2026-07-31 11:52:25,2026-07-31 12:27:25,35,5.31,6.25,cb
TR2607310012684,CL100443,EN00438,trottinette,Lille,ST1041,ST1035,2026-07-31 12:00:56,2026-07-31 12:04:56,4,1.19,1.88,cb
TR2607310012685,CL103361,EN00539,velo_elec,GRENOBLE,ST1048,ST1048,31/07/2026 11:52,2026-07-31 11:59:04,7,1.26,2.75,cb
TR2607310012686,CL101854,EN00517,trottinette,Grenoble,ST1050,ST1048,31/07/2026 11:47,2026-07-31 12:02:51,15,4.93,4.3,abonnement
TR2607310012687,CL106828,EN00564,velo,Grenoble,ST1054,ST1052,2026-07-31 11:46:39,2026-07-31 12:02:39,16,3.48,3.4,cb
TR2607310012688,CL106333,EN00175,trottinette,Lyon,ST1007,ST1006,2026-07-31 12:02:49,2026-07-31 12:17:49,15,4.0,4.3,paypal
TR2607310012689,CL103996,EN00280,trottinette,Nantes,ST1021,ST1028,2026-07-31 12:09:39,2026-07-31 12:45:39,36,11.05,8.92,cb
TR2607310012690,CL103487,EN00340,velo_elec,Nantes,ST1028,ST1020,2026-07-31 12:01:00,1785492720,11,2.34,3.75,paypal
TR2607310012691,CL108342,EN00277,velo_elec,Nantes,ST1029,ST1020,2026-07-31 12:01:41,2026-07-31 12:16:41,15,4.4,4.75,cb
TR2607310012692,CL104527,EN00408,velo_elec,Lille,ST1035,ST1043,2026-07-31 12:06:12,2026-07-31 12:27:12,21,5.43,6.25,cb
TR2607310012693,CL101735,EN00496,velo_elec,Lille,ST1036,ST1037,2026-07-31 12:01:35,2026-07-31 12:15:35,14,3.82,4.5,cb
TR2607310012694,CL103894,EN00469,velo,Lille,ST1041,ST1036,2026-07-31 12:06:47,31/07/2026 12:17,11,2.03,2.65,cb
TR2607310012695,CL105155,EN00462,velo_elec, Lille,ST1043,ST1041,2026-07-31 12:08:33,2026-07-31 12:17:33,9,3.14,3.25,cb
TR2607310012696,CL104030,EN00451,velo_elec,Lille,ST1043,ST1041,2026-07-31 12:12:34,2026-07-31 12:16:34,4,0.81,2.0,cb
TR2607310012697,CL100218,EN00569,trottinette,Grenoble,ST1048,ST1053,2026-07-31 12:13:06,2026-07-31 12:19:06,6,1.71,2.32,abonnement
TR2607310012698,CL108526,EN00550,velo,Grenoble,ST1053,ST1054,2026-07-31 12:09:49,31/07/2026 12:30,21,5.67,4.15,cb
TR2607310012699,CL100848,EN00547,trottinette,Grenoble,ST1055,ST1058,2026-07-31 12:14:31,2026-07-31 12:24:31,10,1.85,3.2,cb
TR2607310012700,CL101652,EN00008,trottinette,Lyon,ST1009,ST1002,2026-07-31 12:29:34,2026-07-31 12:33:34,4,0.84,1.88,cb
TR2607310012701,CL100429,EN00208,velo_elec,Lyon,ST1018,ST1005,2026-07-31 12:30:43,2026-07-31 12:40:43,10,3.33,3.5,cb
TR2607310012702,CL100551,EN00248,trottinette,Nantes,ST1021,ST1028,2026-07-31 12:18:14,1785493754,11,2.18,3.42,abonnement
TR2607310012703,CL107890,EN00261,trottinette,Nantes,ST1027,ST1031,,2026-07-31 12:36:00,7,1.6,2.54,abonnement
TR2607310012704,CL106124,EN00496,velo_elec,lille,ST1037,ST1046,2026-07-31 12:18:19,,20,4.22,6.0,cb
TR2607310012705,CL102077,EN00451,velo_elec,Lille,ST1041,ST1045,2026-07-31 12:27:24,1785493944,5,1.55,2.25,cb
TR2607310012706,CL106280,EN00412,trottinette,Lille,ST1047,ST1035,2026-07-31 12:19:10,2026-07-31 12:26:10,7,2.16,2.54,abonnement
TR2607310012707,CL102954,EN00498,trottinette,Lille,ST1047,ST1034,2026-07-31 12:18:54,2026-07-31 12:25:54,7,1.73,2.54,cb
TR2607310012708,CL104061,EN00542,velo,Grenoble,ST1051,ST1052,31/07/2026 12:15,2026-07-31 12:22:59,7,2.17,2.05,paypal
TR2607310012709,CL100224,EN00536,velo_elec,Grenoble ,ST1052,ST1053,2026-07-31 12:23:37,2026-07-31 12:36:37,13,2.4,4.25,abonnement
TR2607310012710,CL102995,EN00568,velo,GRENOBLE,ST1055,ST1054,2026-07-31 12:22:02,31/07/2026 12:35,13,4.03,2.95,cb
TR2607310012711,CL103457,EN00003,velo_elec,Lyon,ST1017,ST1006,31/07/2026 12:40,2026-07-31 12:48:46,8,1.4,3.0,abonnement
TR2607310012712,CL108544,EN00337,trottinette,Nantes,ST1021,ST1022,2026-07-31 12:34:38,2026-07-31 12:36:38,2,0.64,1.44,cb
TR2607310012713,CL108902,EN00495,trottinette,Lille,ST1040,ST1036,2026-07-31 12:34:59,2026-07-31 12:38:59,4,1.24,1.88,abonnement
TR2607310012714,CL103771,EN00408,velo_elec,Lille,ST1043,ST1035,2026-07-31 12:33:21,2026-07-31 12:48:21,15,2.41,4.75,abonnement
TR2607310012715,CL104156,EN00484,velo_elec,Lille,ST1045,ST1036,2026-07-31 12:39:01,2026-07-31 12:44:01,5,1.48,2.25,abonnement
TR2607310012716,CL106135,EN00045,trottinette,Lyon,ST1005,ST1013,2026-07-31 12:46:11,31/07/2026 12:55,9,1.75,2.98,cb
TR2607310012717,CL108081,EN00146,trottinette,Lyon,ST1015,ST1005,31/07/2026 12:51,31/07/2026 13:11,20,6.5,5.4,cb
TR2607310012718,CL103066,EN00056,velo_elec,Lyon,ST1017,ST1015,2026-07-31 12:56:25,2026-07-31 13:03:25,7,2.06,2.75,cb
TR2607310012719,CL104924,EN00297,trottinette,Nantes,ST1023,ST1025,2026-07-31 13:00:33,2026-07-31 13:30:33,30,10.14,7.6,cb
TR2607310012720,CL100384,EN00250,velo_elec,Nantes,ST1030,ST1030,2026-07-31 12:50:20,31/07/2026 13:05,15,4.13,4.75,cb
TR2607310012721,CL108739,EN00294,velo_elec,Nantes,ST1033,ST1030,2026-07-31 12:56:07,31/07/2026 13:03,7,1.12,2.75,cb
TR2607310012722,CL105634,EN00507,trottinette,Grenoble,ST1049,ST1054,1785495430,1785495910,8,1.41,2.76,cb
TR2607310012723,CL108375,EN00520,velo_elec,Grenoble,ST1051,ST1052,2026-07-31 12:56:04,,26,8.26,7.5,cb
TR2607310012724,CL100106,EN00533,velo_elec,Grenoble,ST1056,ST1058,2026-07-31 12:48:20,2026-07-31 13:06:20,18,5.87,5.5,paypal
TR2607310012725,CL108715,EN00068,velo_elec,Lyon,ST1005,ST1006,2026-07-31 13:03:34,2026-07-31 13:18:34,15,3.11,,paypal
TR2607310012726,CL105286,EN00124,velo_elec,Lyon,ST1015,ST1006,31/07/2026 13:01,2026-07-31 13:08:39,7,1.48,2.75,cb
TR2607310012727,CL103414,EN00221,velo_elec,Nantes,ST1021,ST1024,31/07/2026 13:06,2026-07-31 13:25:46,19,3.37,5.75,paypal
TR2607310012728,CL104991,EN00295,velo_elec,Nantes,ST1029,ST1020,2026-07-31 13:01:15,1785496335,11,3.26,3.75,paypal
TR2607310012729,CL103357,EN00392,velo_elec,Lille,ST1034,ST1042,31/07/2026 13:08,2026-07-31 13:27:26,19,6.59,5.75,abonnement
TR2607310012730,CL101662,EN00414,velo_elec,Lille,ST1038,ST1034,2026-07-31 13:10:36,2026-07-31 13:22:36,12,3.6,4.0,paypal
TR2607310012731,CL104311,EN00461,velo_elec,Lille,ST1038,ST1039,2026-07-31 13:04:11,2026-07-31 13:11:11,7,1.96,2.75,cb
TR2607310012732,CL107493,EN00467,velo_elec,Lille,ST1038,ST1035,2026-07-31 13:14:44,31/07/2026 13:27,13,3.63,4.25,abonnement
TR2607310012733,CL106549,EN00367,velo,Lille,ST1042,ST1043,2026-07-31 13:10:26,1785497606,23,7.11,4.45,cb
TR2607310012734,CL105156,EN00372,trottinette,lille,ST1044,ST1047,1785496209,2026-07-31 13:40:09,30,10.08,7.6,abonnement
TR2607310012735,CL106538,EN00270,velo_elec,Nantes,ST1026,ST1022,2026-07-31 13:27:20,2026-07-31 13:33:20,6,0.96,2.5,cb
TR2607310012736,CL100523,EN00333,trottinette,Nantes,ST1028,ST1025,31/07/2026 13:31,2026-07-31 13:46:02,15,4.34,4.3,abonnement
TR2607310012737,CL102484,EN00388,velo_elec,Lille,ST1035,ST1037,2026-07-31 13:16:35,1785497495,15,3.3,4.75,abonnement
TR2607310012738,CL102217,EN00409,trottinette,Lille,ST1040,ST1039,2026-07-31 13:26:14,2026-07-31 13:36:14,10,2.59,3.2,paypal
TR2607310012739,CL108495,EN00430,velo_elec,Lille,ST1041,ST1039,2026-07-31 13:25:12,2026-07-31 13:44:12,19,4.49,5.75,
TR2607310012740,CL100055,EN00470,trottinette,Lille,ST1045,ST1037,2026-07-31 13:21:09,2026-07-31 13:44:09,23,5.88,6.06,cb
TR2607310012741,CL100619,EN00511,trottinette,Grenoble,ST1049,ST1048,31/07/2026 13:20,2026-07-31 13:28:26,8,2.48,2.76,paypal
TR2607310012742,CL105315,EN00522,velo_elec,Grenoble,ST1058,ST1057,2026-07-31 13:23:33,2026-07-31 13:27:33,4,0.74,2.0,cb
TR2607310012743,CL105540,EN00599,trottinette,Grenoble,ST1058,ST1055,2026-07-31 13:25:22,2026-07-31 13:36:22,11,1.66,3.42,cb
TR2607310012744,CL101789,EN00028,trottinette,Lyon,ST1008,ST1007,2026-07-31 13:38:37,2026-07-31 14:12:37,34,11.04,,paypal
TR2607310012745,CL106843,EN00074,trottinette,Lyon,ST1009,ST1003,2026-07-31 13:44:31,2026-07-31 14:03:31,19,4.81,5.18,paypal
TR2607310012746,CL100845,EN00292,velo_elec,Nantes,ST1022,ST1027,2026-07-31 13:45:35,2026-07-31 14:10:35,25,8.39,7.25,cb
TR2607310012747,CL105207,EN00244,trottinette,Nantes,ST1027,ST1032,2026-07-31 13:37:00,2026-07-31 13:48:00,11,3.01,3.42,abonnement
TR2607310012748,CL107524,EN00355,velo_elec,Nantes,ST1028,ST1028,2026-07-31 13:38:00,2026-07-31 14:03:00,25,8.43,7.25,cb
TR2607310012749,CL106928,EN00261,trottinette,Nantes,ST1031,ST1026,2026-07-31 13:39:15,2026-07-31 13:47:15,8,1.31,2.76,cb
TR2607310012750,CL108019,EN00373,velo_elec,Lille,ST1047,ST1034,31/07/2026 13:42,31/07/2026 14:00,18,3.64,5.5,paypal
TR2607310012751,CL101642,EN00473,trottinette,Lille,ST1047,ST1038,2026-07-31 13:38:31,2026-07-31 13:57:31,19,3.3,5.18,paypal
TR2607310012752,CL101419,EN00538,velo,Grenoble,ST1055,ST1052,2026-07-31 13:32:06,2026-07-31 13:37:06,5,1.49,1.75,abonnement
TR2607310012753,CL104379,EN00522,velo_elec,Grenoble,ST1057,ST1050,31/07/2026 13:37,2026-07-31 13:54:43,17,5.94,5.25,cb
TR2607310012754,CL103258,EN00533,velo_elec,Grenoble,ST1058,ST1049,31/07/2026 13:40,2026-07-31 13:42:12,2,0.66,1.5,abonnement
TR2607310012755,CL107426,EN00132,trottinette,Lyonn,ST1003,ST1003,2026-07-31 13:51:13,2026-07-31 14:06:13,15,4.1,4.3,cb
TR2607310012756,CL102303,EN00024,velo_elec,Lyon,ST1008,ST1002,2026-07-31 13:55:21,2026-07-31 14:01:21,6,1.85,2.5,cb
TR2607310012757,CL107769,EN00196,velo_elec,Lyon,ST1017,ST1003,2026-07-31 13:56:39,2026-07-31 14:02:39,6,1.18,2.5,paypal
TR2607310012758,CL102064,EN00289,trottinette,Nantes,ST1020,ST1029,2026-07-31 13:59:11,2026-07-31 14:02:11,3,0.87,1.66,cb
TR2607310012759,CL103655,EN00333,trottinette,Nantes,ST1025,ST1020,1785498624,2026-07-31 14:05:24,15,4.22,4.3,abonnement
TR2607310012760,CL105251,EN00599,trottinette,Grenoble,ST1055,ST1050,,2026-07-31 14:11:12,16,4.32,4.52,abonnement
TR2607310012761,CL100419,EN00317,trottinette,Nantes,ST1024,ST1028,31/07/2026 14:01,31/07/2026 14:25,24,8.21,6.28,cb
TR2607310012762,CL101001,EN00409,trottinette,lille,ST1039,ST1042,31/07/2026 14:04,2026-07-31 14:23:44,19,3.85,5.18,abonnement
TR2607310012763,CL106610,EN00392,velo_elec,Lille,ST1042,ST1043,2026-07-31 14:01:21,2026-07-31 14:14:21,13,2.48,4.25,cb
TR2607310012764,CL107241,EN00579,trottinette,Grenoble,ST1052,ST1049,2026-07-31 14:03:10,1785500230,14,3.98,4.08,paypal
TR2607310012765,CL106936,EN00551,trottinette,Grenoble,ST1056,ST1058,31/07/2026 14:06,1785499955,6,1.13,2.32,cb
TR2607310012766,CL101651,EN00547,trottinette,Grenoble,ST1058,ST1054,2026-07-31 14:04:23,2026-07-31 14:25:23,21,3.47,5.62,cb
TR2607310012767,CL107579,EN00297,trottinette,nantes,ST1025,ST1020,31/07/2026 14:23,2026-07-31 14:46:51,23,7.45,6.06,abonnement
TR2607310012768,CL105249,EN00292,velo_elec,Nantes,ST1027,ST1030,2026-07-31 14:15:53,2026-07-31 14:42:53,27,6.1,7.75,cb
TR2607310012769,CL108220,EN00321,velo_elec,nantes,ST1031,ST1032,1785500411,2026-07-31 14:36:11,16,4.76,5.0,abonnement
TR2607310012770,CL100539,EN00229,trottinette,Nantes,ST1033,ST1027,2026-07-31 14:26:19,2026-07-31 14:41:19,15,3.0,4.3,
TR2607310012771,CL105760,EN00238,velo_elec,Nante,ST1033,ST1026,,2026-07-31 14:44:38,19,6.39,5.75,cb
TR2607310012772,CL101586,EN00388,velo_elec,Lille,ST1037,ST1042,2026-07-31 14:17:44,2026-07-31 14:26:44,9,2.03,3.25,cb
TR2607310012773,CL100521,EN00369,velo,Lille,ST1042,ST1041,2026-07-31 14:24:01,31/07/2026 14:31,7,1.13,2.05,cb
TR2607310012774,CL100922,EN00104,trottinette,Lyon,ST1001,ST1001,2026-07-31 14:40:24,2026-07-31 14:46:24,6,0.93,2.32,abonnement
TR2607310012775,CL100112,EN00216,velo_elec,Lyon,ST1014,ST1015,2026-07-31 14:39:27,2026-07-31 14:47:27,8,1.82,3.0,paypal
TR2607310012776,CL106132,EN00056,velo_elec,Lyon,ST1015,ST1007,31/07/2026 14:42,31/07/2026 14:51,9,2.91,3.25,abonnement
TR2607310012777,CL104242,EN00473,trottinette,Lille,ST1038,ST1039,2026-07-31 14:33:25,,12,2.38,3.64,abonnement
TR2607310012778,CL105273,EN00410,velo_elec,Lille,ST1038,ST1035,2026-07-31 14:40:06,2026-07-31 14:47:06,7,2.13,2.75,cb
TR2607310012779,CL108986,EN00428,velo_elec,Lille,ST1040,ST1037,2026-07-31 14:39:20,31/07/2026 14:47,8,1.47,3.0,paypal
TR2607310012780,CL105748,EN00389,trottinette,Lille,ST1046,ST1044,31/07/2026 14:41,2026-07-31 14:46:58,5,0.97,2.1,cb
TR2607310012781,CL108611,EN00535,velo_elec,Grenoble,ST1056,ST1054,2026-07-31 14:38:02,2026-07-31 14:54:02,16,4.31,5.0,cb
TR2607310012782,CL102461,EN00065,trottinette,Lyon,ST1014,ST1012,31/07/2026 14:48,31/07/2026 15:14,26,4.96,6.72,abonnement
TR2607310012783,CL108830,EN00214,trottinette,Lyonn,ST1016,ST1015,2026-07-31 14:52:17,2026-07-31 14:59:17,7,1.47,2.54,cb
TR2607310012784,CL107744,EN00470,trottinette,Lille,ST1037,ST1036,2026-07-31 14:48:03,31/07/2026 14:57,9,1.94,2.98,cb
TR2607310012785,CL102897,EN00085,velo_elec,Lyon,ST1018,ST1011,2026-07-31 15:03:15,2026-07-31 15:22:15,19,6.06,5.75,cb
TR2607310012786,CL103982,EN00224,velo_elec,nantes,ST1025,ST1029,2026-07-31 15:11:17,2026-07-31 15:27:17,16,2.87,5.0,abonnement
TR2607310012787,CL106855,EN00467,velo_elec,Lille,ST1035,ST1042,31/07/2026 15:04,2026-07-31 15:13:59,9,2.37,3.25,paypal
TR2607310012788,CL104294,EN00473,trottinette,Lille,ST1039,ST1040,2026-07-31 15:12:10,31/07/2026 15:27,15,2.92,4.3,cb
TR2607310012789,CL101335,EN00388,velo_elec,Lille,ST1042,ST1038,2026-07-31 15:11:55,2026-07-31 15:13:55,2,0.32,1.5,cb
TR2607310012790,CL104320,EN00076,velo_elec,Lyon,ST1002,ST1016,2026-07-31 15:17:09,2026-07-31 15:44:09,27,4.59,7.75,paypal
TR2607310012791,CL103583,EN00132,trottinette,Lyon,ST1003,ST1002,2026-07-31 15:29:39,2026-07-31 16:27:39,58,17.18,13.76,cb
TR2607310012792,CL106241,EN00086,velo_elec,Lyon,ST1017,ST1006,2026-07-31 15:27:09,2026-07-31 15:38:09,11,2.69,3.75,paypal
TR2607310012793,CL102377,EN00250,velo_elec,Nante,ST1030,ST1022,1785504194,2026-07-31 15:54:14,31,7.24,8.75,cb
TR2607310012794,CL106864,EN00423,velo_elec,Lille,ST1035,ST1035,2026-07-31 15:21:46,31/07/2026 15:34,13,4.14,4.25,paypal
TR2607310012795,CL102382,EN00388,velo_elec,LILLE,ST1038,ST1039,31/07/2026 15:29,2026-07-31 15:41:03,12,1.91,4.0,abonnement
TR2607310012796,CL104291,EN00485,trottinette,Lille,ST1038,ST1041,2026-07-31 15:18:16,2026-07-31 15:42:16,24,5.16,6.28,abonnement
TR2607310012797,CL101764,EN00477,trottinette,Lille,ST1044,ST1043,2026-07-31 15:18:02,2026-07-31 15:23:02,5,0.78,2.1,abonnement
TR2607310012798,CL103937,EN00520,velo_elec,Grenoble,ST1052,ST1053,2026-07-31 15:18:06,2026-07-31 15:31:06,13,3.8,4.25,cb
TR2607310012799,CL106714,EN00564,velo,Grenoble,ST1052,ST1051,2026-07-31 15:29:26,1785505466,15,2.34,3.25,cb
TR2607310012800,CL106427,EN00536,velo_elec,Grenoble,ST1053,ST1056,2026-07-31 15:25:07,2026-07-31 15:31:07,6,1.85,2.5,abonnement
TR2607310012801,CL100982,EN00569,trottinette,Grenoble,ST1053,ST1052,2026-07-31 15:21:08,31/07/2026 15:33,12,2.56,3.64,abonnement
TR2607310012802,CL102719,EN00561,velo_elec,Grenoble,ST1056,ST1053,2026-07-31 15:30:39,2026-07-31 15:36:39,6,1.71,2.5,cb
TR2607310012803,CL108269,EN00551,trottinette,Grenoble,ST1058,ST1057,2026-07-31 15:17:27,2026-07-31 15:27:27,10,2.17,3.2,cb
TR2607310012804,CL103313,EN00341,velo_elec,Nantes,ST1025,ST1027,2026-07-31 15:40:33,2026-07-31 15:50:33,10,3.22,3.5,cb
TR2607310012805,CL108353,EN00394,velo_elec,Lille,ST1034,ST1043,2026-07-31 15:37:14,31/07/2026 16:24,47,8.84,12.75,cb
TR2607310012806,CL104800,EN00430,velo_elec,Lille,ST1039,ST1041,2026-07-31 15:40:04,2026-07-31 15:43:04,3,0.62,1.75,cb
TR2607310012807,CL103169,EN00462,velo_elec,Lille,ST1041,ST1034,2026-07-31 15:36:54,31/07/2026 15:46,10,1.96,3.5,abonnement
TR2607310012808,CL107770,EN00372,trottinette,Lille,ST1047,ST1041,2026-07-31 15:39:21,31/07/2026 15:57,18,3.18,4.96,paypal
TR2607310012809,CL108403,EN00305,velo_elec,Nante,ST1024,ST1032,2026-07-31 15:55:45,2026-07-31 16:08:45,13,3.03,4.25,abonnement
TR2607310012810,CL107203,EN00413,trottinette,Lille,ST1043,ST1045,2026-07-31 15:50:59,2026-07-31 17:20:59,90,18.14,20.8,cb
TR2607310012811,CL108783,EN00427,trottinette,Lille,ST1046,ST1040,2026-07-31 15:57:58,2026-07-31 16:10:58,13,4.51,3.86,cb
TR2607310012812,CL102203,EN00520,velo_elec,Grenoble,ST1053,ST1054,31/07/2026 16:00,2026-07-31 16:22:19,22,3.56,6.5,cb
TR2607310012813,CL105460,EN00104,trottinette,Lyon,ST1001,ST1009,2026-07-31 16:01:49,2026-07-31 16:12:49,-29,2.82,3.42,abonnement
TR2607310012814,CL100948,EN00198,velo_elec,Lyon,ST1004,ST1018,2026-07-31 16:07:57,1785508377,25,6.65,7.25,cb
TR2607310012815,CL102389,EN00053,trottinette,lyon,ST1019,ST1016,2026-07-31 16:08:22,2026-07-31 16:15:22,7,1.95,2.54,cb
TR2607310012816,CL103785,EN00342,velo_elec,Nantes,ST1020,ST1027,2026-07-31 16:14:04,,17,4.54,5.25,cb
TR2607310012817,CL103218,EN00349,velo_elec,Nantes,ST1022,ST1023,2026-07-31 16:12:22,2026-07-31 16:21:22,9,1.82,3.25,cb
TR2607310012818,CL101477,EN00227,trottinette,Nantes,ST1026,ST1031,2026-07-31 16:13:02,2026-07-31 16:56:02,43,6.72,10.46,abonnement
TR2607310012819,CL105260,EN00284,trottinette,Nantes,ST1033,ST1029,2026-07-31 16:11:15,31/07/2026 16:29,18,4.3,4.96,cb
TR2607310012820,CL108021,EN00428,velo_elec,Lille,ST1037,ST1045,2026-07-31 16:05:27,2026-07-31 16:11:27,6,1.23,2.5,cb
TR2607310012821,CL101141,EN00485,trottinette,Lille,ST1041,ST1047,2026-07-31 16:06:56,2026-07-31 16:29:56,23,6.35,6.06,cb
TR2607310012822,CL103317,EN00524,velo_elec,Grenoble,ST1048,ST1050,2026-07-31 16:07:03,31/07/2026 16:19,12,2.54,4.0,abonnement
TR2607310012823,CL106252,EN00050,velo_elec,Lyon,ST1002,ST1013,2026-07-31 16:22:22,2026-07-31 16:40:22,18,6.13,5.5,paypal
TR2607310012824,CL106911,EN00300,velo_elec,Nantes,ST1020,ST1027,2026-07-31 16:24:46,2026-07-31 16:40:46,16,4.85,5.0,cb
TR2607310012825,CL107157,EN00288,trottinette,Nantes,ST1021,ST1032,2026-07-31 16:29:12,2026-07-31 16:47:12,18,4.43,4.96,abonnement
TR2607310012826,CL108647,EN00226,velo_elec,Nantes,ST1022,ST1021,2026-07-31 16:17:34,2026-07-31 16:29:34,12,4.19,4.0,abonnement
TR2607310012827,CL102629,EN00289,trottinette,Nantes,ST1029,ST1020,31/07/2026 16:19,2026-07-31 16:52:43,33,7.13,8.26,abonnement
TR2607310012828,CL100430,EN00292,velo_elec,Nantes,ST1030,ST1021,2026-07-31 16:16:37,1785507517,2,0.44,1.5,cb
TR2607310012829,CL104197,EN00361,trottinette,Lille,ST1034,ST1041,2026-07-31 16:29:03,2026-07-31 17:06:03,37,8.42,9.14,abonnement
TR2607310012830,CL106750,EN00434,velo_elec,Lille,ST1035,ST1035,2026-07-31 16:22:25,1785508165,7,2.44,2.75,cb
TR2607310012831,CL103330,EN00379,velo_elec,Lille,ST1035,ST1042,1785508031,1785508751,12,2.85,4.0,abonnement
TR2607310012832,CL102128,EN00477,trottinette,Lille,ST1043,ST1047,31/07/2026 16:22,2026-07-31 16:38:19,16,2.7,,paypal
TR2607310012833,CL105274,EN00389,trottinette,Lille,ST1044,ST1047,2026-07-31 16:22:19,2026-07-31 16:44:19,22,5.09,5.84,cb
TR2607310012834,CL102853,EN00451,velo_elec,Lille,ST1045,ST1037,31/07/2026 16:25,2026-07-31 16:33:53,8,2.21,3.0,abonnement
TR2607310012835,CL103965,EN00496,velo_elec,Lille,ST1046,ST1046,2026-07-31 16:27:47,2026-07-31 16:33:47,6,1.26,2.5,abonnement
TR2607310012836,CL107368,EN00514,velo_elec,Grenoble,ST1048,ST1055,2026-07-31 16:28:59,1785508739,10,2.93,3.5,abonnement
TR2607310012837,CL104310,EN00532,velo_elec,Grenoble,ST1049,ST1050,2026-07-31 16:16:16,2026-07-31 16:25:16,9,2.63,3.25,abonnement
TR2607310012838,CL104895,EN00551,trottinette,Grenoble,ST1057,ST1054,2026-07-31 16:17:05,31/07/2026 16:23,6,1.36,2.32,cb
TR2607310012839,CL108366,EN00600,trottinette,Grenoble,ST1058,ST1049,2026-07-31 16:24:30,2026-07-31 16:36:30,12,3.12,3.64,cb
TR2607310012840,CL100639,EN00074,trottinette,Lyon,ST1003,ST1003,2026-07-31 16:40:12,2026-07-31 16:50:12,10,1.81,3.2,cb
TR2607310012841,CL105859,EN00030,trottinette,LYON,ST1011,ST1017,2026-07-31 16:34:31,2026-07-31 17:08:31,34,8.23,8.48,
TR2607310012842,CL101684,EN00240,trottinette,Nantes,ST1020,ST1028,2026-07-31 16:31:35,2026-07-31 16:53:35,22,5.96,5.84,cb
TR2607310012843,CL105651,EN00228,trottinette,Nantes,ST1021,ST1032,2026-07-31 16:33:27,1785509607,20,3.15,5.4,paypal
TR2607310012844,CL100839,EN00339,velo_elec,Nantes,ST1024,ST1026,2026-07-31 16:44:12,2026-07-31 16:48:12,4,1.14,2.0,cb
TR2607310012845,CL104683,EN00355,velo_elec,Nantes,ST1028,ST1021,,2026-07-31 16:56:41,12,3.81,4.0,paypal
TR2607310012846,CL103157,EN00294,velo_elec,Nantes,ST1030,ST1030,2026-07-31 16:31:47,2026-07-31 16:36:47,5,1.52,2.25,cb
TR2607310012847,CL102235,EN00504,trottinette,Grenoble,ST1049,ST1055,1785508374,2026-07-31 17:36:54,64,11.81,15.08,cb
TR2607310012848,CL105668,EN00564,velo,Grenoble,ST1051,ST1057,1785508773,2026-07-31 17:31:33,52,9.62,8.8,abonnement
TR2607310012849,CL107760,EN00179,trottinette,Lyon,ST1012,ST1001,2026-07-31 17:00:14,2026-07-31 17:08:14,8,2.04,2.76,abonnement
TR2607310012850,CL100455,EN00273,velo_elec,nantes,ST1022,ST1032,2026-07-31 17:00:15,2026-07-31 17:07:15,7,1.23,2.75,cb
TR2607310012851,CL107737,EN00342,velo_elec,Nantes,ST1027,ST1022,2026-07-31 16:53:46,31/07/2026 17:03,10,2.43,3.5,cb
TR2607310012852,CL105147,EN00481,velo_elec,Lille,ST1036,ST1037,1785509304,2026-07-31 17:02:24,14,3.97,4.5,abonnement
TR2607310012853,CL105044,EN00451,velo_elec,Lille,ST1037,ST1042,31/07/2026 16:59,2026-07-31 17:09:46,10,3.11,3.5,cb
TR2607310012854,CL106540,EN00467,velo_elec,Lille,ST1042,ST1046,2026-07-31 16:51:10,,3,0.55,1.75,cb
TR2607310012855,CL101787,EN00428,velo_elec,Lille,ST1045,ST1036,2026-07-31 16:59:18,,11,2.2,3.75,cb
TR2607310012856,CL105195,EN00444,trottinette,Lille,ST1047,ST1034,,2026-07-31 17:17:19,23,4.67,6.06,cb
TR2607310012857,CL104506,EN00136,trottinette,Lyon,ST1002,ST1001,2026-07-31 17:02:39,2026-07-31 17:11:39,9,1.41,2.98,abonnement
TR2607310012858,CL100878,EN00133,velo_elec,Lyon,ST1004,ST1012,2026-07-31 17:02:19,2026-07-31 17:09:19,7,2.28,2.75,abonnement
TR2607310012859,CL104067,EN00104,trottinette,Lyon,ST1009,ST1017,31/07/2026 17:15,,5,1.32,2.1,cb
TR2607310012860,CL108063,EN00198,velo_elec,Lyon,ST1018,ST1001,2026-07-31 17:03:11,2026-07-31 17:08:11,5,1.18,2.25,cb
TR2607310012861,CL102784,EN00232,trottinette,NANTES,ST1033,ST1022,2026-07-31 17:01:27,2026-07-31 17:13:27,12,3.58,3.64,paypal
TR2607310012862,CL101764,EN00473,trottinette,Lille,ST1040,ST1037,,2026-07-31 17:27:44,17,2.76,4.74,abonnement
TR2607310012863,CL107491,EN00379,velo_elec,Lille,ST1042,ST1040,2026-07-31 17:09:59,2026-07-31 17:31:59,22,3.52,6.5,cb
TR2607310012864,CL107540,EN00370,velo_elec,Lille,ST1044,ST1036,2026-07-31 17:09:15,2026-07-31 17:27:15,18,2.93,5.5,cb
TR2607310012865,CL108315,EN00563,trottinette,Grenoble,ST1049,ST1058,2026-07-31 17:13:53,2026-07-31 17:17:53,4,1.4,1.88,paypal
TR2607310012866,CL104788,EN00524,velo_elec,Grenoble,ST1050,ST1050,2026-07-31 17:02:18,2026-07-31 17:05:18,3,0.51,1.75,paypal
TR2607310012867,CL106991,EN00136,trottinette,lyon,ST1001,ST1004,31/07/2026 17:16,1785512222,21,6.69,5.62,paypal
TR2607310012868,CL100833,EN00122,trottinette,Lyon,ST1002,ST1013,2026-07-31 17:19:51,2026-07-31 17:36:51,17,4.51,4.74,cb
TR2607310012869,CL104278,EN00208,velo_elec,Lyon,ST1005,ST1018,2026-07-31 17:28:08,2026-07-31 17:39:08,11,3.51,3.75,abonnement
TR2607310012870,CL104659,EN00085,velo_elec,Lyon,ST1011,ST1006,2026-07-31 17:24:15,2026-07-31 17:32:15,8,1.36,3.0,abonnement
TR2607310012871,CL105016,EN00337,trottinette,Nantes,ST1022,ST1031,31/07/2026 17:27,,11,3.81,3.42,paypal
TR2607310012872,CL106582,EN00287,velo_elec,Nantes,ST1032,ST1031,2026-07-31 17:28:13,31/07/2026 17:37,9,2.25,3.25,cb
TR2607310012873,CL104334,EN00406,velo_elec, Lille,ST1036,ST1043,2026-07-31 17:21:15,2026-07-31 17:34:15,13,3.16,4.25,cb
TR2607310012874,CL107999,EN00372,trottinette,Lille,ST1041,ST1043,2026-07-31 17:18:25,31/07/2026 17:26,8,2.34,2.76,paypal
TR2607310012875,CL105962,EN00596,velo_elec,Grenoble,ST1048,ST1055,2026-07-31 17:24:30,1785512010,9,2.29,3.25,cb
TR2607310012876,CL103577,EN00597,trottinette,Grenoble,ST1048,ST1050,2026-07-31 17:27:25,2026-07-31 17:38:25,11,3.64,3.42,abonnement
TR2607310012877,CL101007,EN00585,velo_elec,Grenoble,ST1048,ST1054,31/07/2026 17:20,2026-07-31 17:47:47,27,8.8,7.75,cb
TR2607310012878,CL101293,EN00556,trottinette,Grenoble,ST1049,ST1054,31/07/2026 17:23,2026-07-31 18:10:23,47,11.74,11.34,cb
TR2607310012879,CL102708,EN00533,velo_elec,grenoble,ST1049,ST1058,1785511715,2026-07-31 18:02:35,34,7.14,9.5,cb
TR2607310012880,CL103364,EN00569,trottinette,Grenoble,ST1052,ST1049,2026-07-31 17:19:35,2026-07-31 17:42:35,23,4.21,6.06,cb
TR2607310012881,CL100861,EN00513,velo_elec,Grenoble,ST1056,ST1057,2026-07-31 17:24:53,2026-07-31 17:41:53,17,3.12,5.25,cb
TR2607310012882,CL106276,EN00581,velo,Grenoble,ST1058,ST1051,2026-07-31 17:21:11,2026-07-31 17:34:11,13,2.72,2.95,abonnement
TR2607310012883,CL101189,EN00529,velo,Grenoble,ST1058,ST1056,2026-07-31 17:18:59,31/07/2026 17:25,2147,1.15,2.05,cb
TR2607310012884,CL105850,EN00179,trottinette,Lyon,ST1001,ST1015,2026-07-31 17:35:05,2026-07-31 17:54:05,19,3.28,5.18,cb
TR2607310012885,CL103071,EN00198,velo_elec,Lyon,ST1001,ST1008,1785511896,31/07/2026 17:41,10,1.57,3.5,cb
TR2607310012886,CL100355,EN00211,velo_elec,Lyon,ST1004,ST1014,2026-07-31 17:35:51,2026-07-31 18:00:51,25,6.17,7.25,cb
TR2607310012887,CL108323,EN00100,velo_elec,Lyon,ST1008,ST1001,2026-07-31 17:34:32,2026-07-31 17:54:32,20,3.24,6.0,abonnement
TR2607310012888,CL103203,EN00135,trottinette,Lyon,ST1019,ST1014,2026-07-31 17:36:37,2026-07-31 17:42:37,6,1.55,2.32,cb
TR2607310012889,CL107845,EN00340,velo_elec,NANTES,ST1020,ST1031,31/07/2026 17:38,31/07/2026 17:43,5,1.49,,abonnement
TR2607310012890,CL101953,EN00278,trottinette,Nantes,ST1032,ST1031,31/07/2026 17:37,2026-07-31 17:50:55,13,2.23,3.86,cb
TR2607310012891,CL101946,EN00456,trottinette,Lille,ST1034,ST1042,31/07/2026 17:39,2026-07-31 18:06:10,27,7.56,6.94,cb
TR2607310012892,CL104356,EN00492,velo_elec,Lille,ST1034,ST1038,2026-07-31 17:34:48,1785512868,13,4.34,4.25,paypal
TR2607310012893,CL105380,EN00383,trottinette,Lille,ST1036,ST1045,,2026-07-31 17:47:28,7,1.49,2.54,cb
TR2607310012894,CL107071,EN00484,velo_elec,Lille,ST1036,ST1041,2026-07-31 17:39:49,2026-07-31 17:46:49,7,2.32,2.75,abonnement
TR2607310012895,CL101713,EN00457,velo,Lille,ST1038,ST1047,,31/07/2026 17:45,12,3.99,2.8,abonnement
TR2607310012896,CL100390,EN00361,trottinette,Lille,ST1041,ST1042,2026-07-31 17:40:08,2026-07-31 17:48:08,8,2.13,2.76,cb
TR2607310012897,CL105312,EN00430,velo_elec,Lille,ST1041,ST1040,2026-07-31 17:39:00,1785512760,7,2.24,2.75,cb
TR2607310012898,CL107754,EN00369,velo,Lille,ST1041,ST1040,2026-07-31 17:33:28,31/07/2026 17:42,9,1.52,2.35,cb
TR2607310012899,CL103474,EN00451,velo_elec,Lille,ST1042,ST1035,2026-07-31 17:39:36,2026-07-31 17:52:36,13,3.14,4.25,abonnement
TR2607310012900,CL103063,EN00392,velo_elec,lille,ST1043,ST1047,2026-07-31 17:36:39,2026-07-31 17:53:39,17,5.58,5.25,cb
TR2607310012901,CL101841,EN00530,velo_elec,Grenoble,ST1048,ST1052,2026-07-31 17:33:23,2026-07-31 17:46:23,13,3.31,4.25,abonnement
TR2607310012902,CL107660,EN00592,velo_elec,Grenoble,ST1048,ST1055,2026-07-31 17:32:55,2026-07-31 17:41:55,9,2.77,3.25,abonnement
TR2607310012903,CL108109,EN00584,trottinette,Grenoble,ST1049,ST9308,2026-07-31 17:39:20,2026-07-31 17:44:20,5,0.78,2.1,cb
TR2607310012904,CL101852,EN00524,velo_elec,Grenoble,ST1050,ST1053,1785512004,31/07/2026 17:37,4,1.27,2.0,cb
TR2607310012905,CL101320,EN00536,velo_elec,Grenoble,ST1056,ST1051,2026-07-31 17:31:48,2026-07-31 17:42:48,11,3.56,3.75,
TR2607310012906,CL102918,EN00563,trottinette,GRENOBLE,ST1058,ST1051,1785512637,2026-07-31 17:50:57,7,2.42,2.54,paypal
TR2607310012907,CL107993,EN00190,trottinette,Lyon,ST1004,ST1013,2026-07-31 17:50:00,31/07/2026 18:00,10,2.87,3.2,cb
TR2607310012908,CL103923,EN00085,velo_elec,Lyon,ST1006,ST1013,31/07/2026 17:52,2026-07-31 18:04:55,12,3.86,4.0,
TR2607310012909,CL100552,EN00265,trottinette,Nantes,ST1022,ST1028,2026-07-31 17:55:29,2026-07-31 18:07:29,12,3.04,3.64,abonnement
TR2607310012910,CL101752,EN00271,velo_elec,Nantes,ST1033,ST1025,2026-07-31 17:45:52,31/07/2026 17:59,14,2.48,4.5,abonnement
TR2607310012911,CL104467,EN00495,trottinette,Lille,ST1036,ST1034,31/07/2026 17:50,2026-07-31 17:59:00,9,1.79,2.98,abonnement
TR2607310012912,CL108324,EN00448,velo,Lille,ST1038,ST1044,2026-07-31 17:54:43,2026-07-31 18:25:43,31,7.35,5.65,abonnement
TR2607310012913,CL108052,EN00477,trottinette,Lille,ST1047,ST1035,2026-07-31 17:53:16,2026-07-31 18:01:16,8,1.76,2.76,abonnement
TR2607310012914,CL103059,EN00532,velo_elec,Grenoble,ST1050,ST1049,2026-07-31 17:49:34,1785514594,27,6.25,7.75,paypal
TR2607310012915,CL101276,EN00530,velo_elec,Grenoble,ST1052,ST1050,,2026-07-31 18:12:58,21,3.8,6.25,cb
TR2607310012916,CL100418,EN00514,velo_elec,GRENOBLE,ST1055,ST1056,2026-07-31 18:00:26,2026-07-31 18:20:26,20,3.44,6.0,abonnement
TR2607310012917,CL107539,EN00501,trottinette,Grenoble,ST1056,ST1048,2026-07-31 17:50:37,31/07/2026 18:26,36,7.36,8.92,cb
TR2607310012918,CL101721,EN00100,velo_elec,Lyon,ST1001,ST1017,2026-07-31 18:00:56,2026-07-31 18:11:56,11,3.39,3.75,abonnement
TR2607310012919,CL101996,EN00207,velo_elec,Lyon,ST1003,ST1018,2026-07-31 18:12:34,31/07/2026 18:19,7,1.48,2.75,cb
TR2607310012920,CL106645,EN00054,trottinette,Lyon,ST1004,ST1009,2026-07-31 18:07:00,2026-07-31 18:13:00,6,1.67,2.32,cb
TR2607310012921,CL107229,EN00152,velo_elec,Lyon,ST1009,ST1001,2026-07-31 18:15:40,2026-07-31 18:22:40,7,1.4,2.75,paypal
TR2607310012922,CL104660,EN00045,trottinette,Lyon,ST1013,ST1002,2026-07-31 18:06:33,2026-07-31 18:15:33,9,2.26,2.98,cb
TR2607310012923,CL107295,EN00199,velo_elec,Lyon,ST1019,ST1009,2026-07-31 18:00:27,2026-07-31 18:07:27,7,1.14,2.75,paypal
TR2607310012924,CL106246,EN00349,velo_elec,nantes,ST1023,ST1030,2026-07-31 18:15:21,2026-07-31 18:37:21,22,6.65,6.5,cb
TR2607310012925,CL107958,EN00313,trottinette,Nantes,ST1029,ST1024,31/07/2026 18:11,1785514675,6,0.91,2.32,abonnement
TR2607310012926,CL101864,EN00263,trottinette,Nantes,ST1029,ST1025,2026-07-31 18:08:40,1785515320,20,5.68,5.4,cb
TR2607310012927,CL100182,EN00462,velo_elec,Lille,ST1034,ST1044,1785514449,2026-07-31 18:33:09,19,3.28,5.75,cb
TR2607310012928,CL108259,EN00474,velo_elec,LILLE,ST1035,ST1037,2026-07-31 18:15:13,31/07/2026 18:36,21,5.45,6.25,cb
TR2607310012929,CL106092,EN00438,trottinette,Lille,ST1035,ST1042,2026-07-31 18:06:13,1785516613,44,11.52,10.68,cb
TR2607310012930,CL101240,EN00370,velo_elec,Lille,ST1036,ST1046,31/07/2026 18:13,2026-07-31 18:23:15,10,2.3,3.5,cb
TR2607310012931,CL103275,EN00441,velo_elec,Lille,ST1036,ST1036,2026-07-31 18:09:15,2026-07-31 18:19:15,10,3.36,3.5,abonnement
TR2607310012932,CL100673,EN00396,velo_elec,Lille,ST1036,ST1043,2026-07-31 18:07:02,2026-07-31 18:12:02,5,1.13,2.25,abonnement
TR2607310012933,CL101381,EN00481,velo_elec,Lille,ST1037,ST1046,31/07/2026 18:02,31/07/2026 18:05,3,0.5,1.75,abonnement
TR2607310012934,CL106180,EN00388,velo_elec,Lille,ST1039,ST1042,2026-07-31 18:11:13,2026-07-31 18:28:13,17,5.34,5.25,cb
TR2607310012935,CL104679,EN00379,velo_elec,Lille,ST1040,ST1038,2026-07-31 18:14:51,2026-07-31 18:21:51,7,2.4,2.75,cb
TR2607310012936,CL108328,EN00427,trottinette,Lille,ST1040,ST1040,2026-07-31 18:06:14,2026-07-31 18:25:14,19,2.87,5.18,cb
TR2607310012937,CL104965,EN00484,velo_elec,Lille,ST1041,ST1040,2026-07-31 18:15:33,1785515133,10,2.08,3.5,cb
TR2607310012938,CL105250,EN00406,velo_elec,Lille,ST1043,ST1046,2026-07-31 18:08:00,31/07/2026 18:33,25,6.2,7.25,cb
TR2607310012939,CL103452,EN00509,trottinette,Grenoble,ST1049,ST1054,31/07/2026 18:09,2026-07-31 18:44:06,35,10.42,8.7,
TR2607310012940,CL105968,EN00536,velo_elec,Grenoble,ST1051,ST1054,2026-07-31 18:03:13,31/07/2026 18:12,9,1.85,3.25,abonnement
TR2607310012941,CL101754,EN00524,velo_elec,Grenoble,ST1053,ST1053,31/07/2026 18:08,31/07/2026 18:28,20,4.44,6.0,paypal
TR2607310012942,CL101148,EN00584,trottinette,Grenoble,ST1053,ST1055,2026-07-31 18:10:36,2026-07-31 18:28:36,18,4.52,4.96,cb
TR2607310012943,CL107611,EN00535,velo_elec,Grenoble,ST1054,ST1051,2026-07-31 18:02:02,2026-07-31 18:34:02,32,7.73,9.0,cb
TR2607310012944,CL102969,EN00529,velo,Grenoble,ST1056,ST1058,2026-07-31 18:01:49,,8,1.7,2.2,abonnement
TR2607310012945,CL108890,EN00024,velo_elec,Lyon,ST1002,ST1009,1785515158,2026-07-31 18:29:58,4,0.81,2.0,cb
TR2607310012946,CL107083,EN00074,trottinette,Lyon,ST1003,ST1011,1785515314,2026-07-31 18:30:34,2,0.43,1.44,paypal
TR2607310012947,CL103441,EN00286,velo_elec,Nantes,ST1021,ST1022,2026-07-31 18:16:10,1785515290,12,3.85,4.0,abonnement
TR2607310012948,CL106844,EN00271,velo_elec,Nantes,ST1025,ST1033,31/07/2026 18:28,2026-07-31 18:35:50,7,1.73,2.75,cb
TR2607310012949,CL107832,EN00273,velo_elec,Nantes,ST1032,ST1026,2026-07-31 18:25:53,1785515453,5,1.52,2.25,cb
TR2607310012950,CL108449,EN00237,velo_elec,Nantes,ST1033,ST1024,2026-07-31 18:17:30,1785515370,12,2.87,4.0,cb
TR2607310012951,CL102508,EN00380,velo_elec,Lille,ST1034,ST1035,2026-07-31 18:21:46,1785515386,8,1.51,3.0,abonnement
TR2607310012952,CL102053,EN00495,trottinette,Lille,ST1034,ST1037,2026-07-31 18:24:31,2026-07-31 18:37:31,13,2.19,3.86,cb
TR2607310012953,CL105729,EN00422,velo_elec,LILLE,ST1034,ST1043,2026-07-31 18:17:23,31/07/2026 18:35,18,4.04,5.5,cb
TR2607310012954,CL108052,EN00434,velo_elec,LILLE,ST1035,ST1036,31/07/2026 18:25,2026-07-31 18:40:29,15,5.18,4.75,abonnement
TR2607310012955,CL107415,EN00473,trottinette,Lille,ST1037,ST1042,2026-07-31 18:28:18,2026-07-31 18:36:18,8,2.63,2.76,cb
TR2607310012956,CL102744,EN00430,velo_elec,Lille,ST1040,ST1038,1785514741,,21,4.02,6.25,abonnement
TR2607310012957,CL107603,EN00539,velo_elec,Grenoble,ST1048,ST1052,31/07/2026 18:20,2026-07-31 18:24:11,4,1.14,2.0,abonnement
TR2607310012958,CL104287,EN00546,trottinette,Grenoble,ST1049,ST1050,2026-07-31 18:28:30,2026-07-31 18:44:30,16,2.7,4.52,abonnement
TR2607310012959,CL106044,EN00532,velo_elec,Grenoble,ST1049,ST1050,2026-07-31 18:22:12,2026-07-31 18:30:12,8,2.52,3.0,abonnement
TR2607310012960,CL103032,EN00522,velo_elec,Grenoble,ST1050,ST1053,2026-07-31 18:26:19,2026-07-31 18:56:19,30,9.34,8.5,abonnement
TR2607310012961,CL106448,EN00538,velo,Grenoble,ST1052,ST1049,2026-07-31 18:29:55,2026-07-31 18:54:55,25,6.16,4.75,cb
TR2607310012962,CL101326,EN00513,velo_elec,Grenoble,ST1057,ST1057,2026-07-31 18:23:25,31/07/2026 18:35,12,3.35,4.0,paypal
TR2607310012963,CL106215,EN00533,velo_elec,Grenoble,ST1058,ST1053,2026-07-31 18:24:11,2026-07-31 18:32:11,8,2.77,3.0,paypal
TR2607310012964,CL106408,EN00226,velo_elec,Nantes,ST1021,ST1026,2026-07-31 18:43:19,2026-07-31 19:00:19,17,3.41,5.25,cb
TR2607310012965,CL103906,EN00236,velo_elec,Nantes,ST1022,ST1032,2026-07-31 18:45:33,2026-07-31 18:51:33,6,1.14,2.5,paypal
TR2607310012966,CL107184,EN00280,trottinette,Nantes,ST1028,ST1028,2026-07-31 18:34:01,2026-07-31 18:42:01,8,1.59,2.76,paypal
TR2607310012967,CL107272,EN00222,velo_elec,Nantes,ST1033,ST1031,2026-07-31 18:45:18,2026-07-31 19:01:18,16,4.17,5.0,paypal
TR2607310012968,CL100825,EN00456,trottinette,Lille,ST1042,ST1034,2026-07-31 18:41:38,2026-07-31 18:55:38,14,3.24,4.08,paypal
TR2607310012969,CL105604,EN00579,trottinette,Grenoble,ST1049,ST1055,2026-07-31 18:41:12,2026-07-31 18:44:12,3,0.94,1.66,cb
TR2607310012970,CL105522,EN00564,velo,Grenoble,ST1057,ST1056,2026-07-31 18:36:07,2026-07-31 18:43:07,7,1.41,2.05,cb
TR2607310012971,CL108254,EN00036,velo_elec,Lyon,ST1001,ST1016,2026-07-31 18:47:19,1785517039,10,2.71,3.5,cb
TR2607310012972,CL105305,EN00092,trottinette,Lyon,ST1003,ST1018,31/07/2026 18:56,2026-07-31 19:06:51,10,2.2,3.2,paypal
TR2607310012973,CL103925,EN00094,velo_elec,Lyon,ST1005,ST1008,31/07/2026 18:58,2026-07-31 19:09:34,11,2.94,3.75,paypal
TR2607310012974,CL106744,EN00050,velo_elec,Lyon,ST1013,ST1003,2026-07-31 18:52:35,31/07/2026 19:03,11,1.93,3.75,cb
TR2607310012975,CL108006,EN00044,trottinette,Lyon,ST1019,ST1010,2026-07-31 19:00:33,2026-07-31 19:08:33,8,1.8,2.76,cb
TR2607310012976,CL100131,EN00325,trottinette,Nantes,ST1020,ST1025,2026-07-31 18:49:40,2026-07-31 19:11:40,22,7.17,5.84,cb
TR2607310012977,CL102187,EN00295,velo_elec,Nantes,ST1020,ST1028,2026-07-31 18:51:12,2026-07-31 19:02:12,11,2.43,3.75,abonnement
TR2607310012978,CL104342,EN00286,velo_elec,Nantes,ST1022,ST1022,1785517133,2026-07-31 19:10:53,12,3.09,4.0,abonnement
TR2607310012979,CL100717,EN00280,trottinette,Nantes,ST1028,ST1029,2026-07-31 18:48:09,2026-07-31 18:59:09,11,2.7,3.42,cb
TR2607310012980,CL102156,EN00417,trottinette,Lille,ST1035,ST1038,1785517287,2026-07-31 19:11:27,10,1.55,3.2,paypal
TR2607310012981,CL103339,EN00468,trottinette,Lille,ST1036,ST1046,2026-07-31 18:49:40,2026-07-31 19:03:40,14,2.54,4.08,abonnement
TR2607310012982,CL104599,EN00434,velo_elec,Lille,ST1036,ST1046,2026-07-31 18:48:06,2026-07-31 18:59:06,11,2.54,3.75,abonnement
TR2607310012983,CL100095,EN00445,velo_elec,Lille,ST1036,ST1046,2026-07-31 19:00:47,31/07/2026 19:02,2,0.63,1.5,cb
TR2607310012984,CL101730,EN00474,velo_elec, Lille,ST1037,ST1044,2026-07-31 19:00:33,2026-07-31 19:04:33,4,0.79,2.0,cb
TR2607310012985,CL100061,EN00461,velo_elec,Lille,ST1039,ST1043,2026-07-31 18:49:15,2026-07-31 19:17:15,28,4.53,8.0,abonnement
TR2607310012986,CL108243,EN00484,velo_elec,Lille,ST1040,ST1035,2026-07-31 18:47:28,,68,15.7,18.0,cb
TR2607310012987,CL102583,EN00427,trottinette,Lille,ST1040,ST1042,2026-07-31 18:57:19,1785517639,10,2.3,3.2,abonnement
TR2607310012988,CL107297,EN00363,velo_elec,Lille,ST1043,ST1045,31/07/2026 18:51,2026-07-31 18:58:38,7,2.38,2.75,abonnement
TR2607310012989,CL107848,EN00413,trottinette,LILLE,ST1045,ST1039,2026-07-31 19:00:22,2026-07-31 19:15:22,15,3.01,4.3,paypal
TR2607310012990,CL108624,EN00501,trottinette,Grenoble,ST1048,ST1050,31/07/2026 18:51,2026-07-31 18:57:04,-1,1.9,2.32,cb
TR2607310012991,CL106331,EN00511,trottinette,Grenoble,ST1048,ST1055,2026-07-31 19:00:54,2026-07-31 19:08:54,8,1.34,2.76,cb
TR2607310012992,CL105032,EN00563,trottinette,Grenoble,ST1051,ST1057,2026-07-31 18:54:37,2026-07-31 19:04:37,10,2.59,3.2,cb
TR2607310012993,CL107476,EN00539,velo_elec,Grenoble,ST1052,ST1055,2026-07-31 19:00:21,2026-07-31 19:07:21,7,2.14,2.75,
TR2607310012994,CL106086,EN00596,velo_elec,Grenoble,ST1055,ST1058,31/07/2026 19:00,2026-07-31 19:06:35,6,1.48,2.5,abonnement
TR2607310012995,CL104185,EN00154,trottinette,Lyon,ST1004,ST1015,2026-07-31 19:04:51,2026-07-31 19:08:51,4,0.82,1.88,abonnement
TR2607310012996,CL107465,EN00100,velo_elec,Lyon,ST1017,ST1011,2026-07-31 19:12:14,2026-07-31 19:23:14,11,3.04,3.75,abonnement
TR2607310012997,CL107361,EN00266,velo_elec,Nantes,ST1022,ST1023,2026-07-31 19:07:39,2026-07-31 19:15:39,8,1.45,3.0,paypal
TR2607310012998,CL107323,EN00357,trottinette,Nantes,ST1022,ST1025,2026-07-31 19:14:09,2026-07-31 19:28:09,14,3.84,4.08,cb
TR2607310012999,CL105654,EN00263,trottinette,Nantes,ST1025,ST1024,31/07/2026 19:15,2026-07-31 20:05:30,50,13.0,12.0,cb
TR2607310013000,CL103182,EN00388,velo_elec,Lille,ST1042,ST1038,2026-07-31 19:07:42,2026-07-31 19:11:42,4,1.01,2.0,cb
TR2607310013001,CL108324,EN00370,velo_elec,Lille,ST1046,ST1041,2026-07-31 19:06:19,2026-07-31 19:17:19,11,1.8,3.75,abonnement
TR2607310013002,CL103954,EN00392,velo_elec,Lille,ST1047,ST1039,2026-07-31 19:13:46,31/07/2026 19:37,24,7.05,7.0,cb
TR2607310013003,CL108003,EN00507,trottinette,Grenoble,ST1054,ST1050,,1785519350,26,8.69,6.72,paypal
TR2607310013004,CL101886,EN00513,velo_elec,Grenoble,ST1057,ST1054,2026-07-31 19:05:58,2026-07-31 19:17:58,12,2.44,4.0,cb
TR2607310013005,CL100720,EN00075,trottinette,Lyon,ST1001,ST1007,2026-07-31 19:29:24,2026-07-31 19:38:24,9,1.88,2.98,cb
TR2607310013006,CL104267,EN00187,velo_elec,Lyon,ST1001,ST1009,31/07/2026 19:24,2026-07-31 19:42:03,18,4.01,5.5,cb
TR2607310013007,CL105488,EN00146,trottinette,Lyon,ST1005,ST1015,2026-07-31 19:24:14,2026-07-31 19:29:14,5,1.08,2.1,cb
TR2607310013008,CL104227,EN00044,trottinette,Lyon,ST1010,ST1003,31/07/2026 19:25,2026-07-31 19:34:27,9,2.03,2.98,paypal
TR2607310013009,CL108840,EN00270,velo_elec,Nantes,ST1022,ST1027,2026-07-31 19:26:50,31/07/2026 19:44,18,3.56,5.5,abonnement
TR2607310013010,CL107103,EN00339,velo_elec,Nantes,ST1026,ST1024,31/07/2026 19:21,2026-07-31 19:35:56,14,3.68,4.5,cb
TR2607310013011,CL102566,EN00258,trottinette,Nantes,ST1026,ST1020,2026-07-31 19:22:27,31/07/2026 19:33,11,2.03,3.42,cb
TR2607310013012,CL100495,EN00332,trottinette,Nante,ST1032,ST1024,2026-07-31 19:25:01,,32,9.44,8.04,abonnement
TR2607310013013,CL105079,EN00449,trottinette,Lille,ST1034,ST1038,1785518730,2026-07-31 19:28:30,3,0.78,1.66,cb
TR2607310013014,CL106863,EN00410,velo_elec,Lille,ST1035,ST1037,2026-07-31 19:16:05,2026-07-31 19:23:05,7,2.26,2.75,abonnement
TR2607310013015,CL100289,EN00577,velo_elec,Grenoble,ST1049,ST1049,2026-07-31 19:18:05,1785519845,26,7.16,7.5,paypal
TR2607310013016,CL102190,EN00563,trottinette,Grenoble,ST1057,ST1050,2026-07-31 19:27:35,2026-07-31 19:43:35,16,3.68,4.52,cb
TR2607310013017,CL102610,EN00028,trottinette,LYON,ST1007,ST1017,2026-07-31 19:32:16,2026-07-31 19:47:16,15,3.04,4.3,cb
TR2607310013018,CL102733,EN00024,velo_elec,Lyon,ST1009,ST1004,2026-07-31 19:40:43,2026-07-31 19:47:43,7,1.5,2.75,paypal
TR2607310013019,CL104174,EN00199,velo_elec,Lyonn,ST1009,ST1017,31/07/2026 19:36,31/07/2026 19:51,15,2.66,4.75,cb
TR2607310013020,CL107712,EN00157,velo_elec,Lyon,ST1011,ST1006,2026-07-31 19:33:27,2026-07-31 19:39:27,6,1.72,2.5,cb
TR2607310013021,CL103269,EN00085,velo_elec,Lyon,ST1013,ST1018,2026-07-31 19:44:11,2026-07-31 20:01:11,17,5.22,5.25,abonnement
TR2607310013022,CL102046,EN00077,trottinette,Lyon,ST1019,ST1001,2026-07-31 19:32:36,2026-07-31 19:36:36,4,0.84,1.88,cb
TR2607310013023,CL103616,EN00277,velo_elec,Nantes,ST1020,ST1029,1785519704,2026-07-31 20:02:44,21,3.44,6.25,abonnement
TR2607310013024,CL101269,EN00225,velo_elec,Nantes,ST1022,ST1023,2026-07-31 19:36:28,31/07/2026 19:42,6,1.36,2.5,cb
TR2607310013025,CL105888,EN00348,velo_elec,Nantes,ST1024,ST1027,2026-07-31 19:45:43,2026-07-31 20:09:43,24,4.61,7.0,paypal
TR2607310013026,CL106513,EN00265,trottinette,Nantes,ST1028,ST1022,2026-07-31 19:44:52,1785520432,9,2.31,2.98,abonnement
TR2607310013027,CL102091,EN00295,velo_elec,Nantes,ST1028,ST1032,2026-07-31 19:45:23,2026-07-31 20:10:23,25,8.48,7.25,paypal
TR2607310013028,CL100135,EN00280,trottinette,Nantes,ST1029,ST1023,2026-07-31 19:41:25,2026-07-31 19:48:25,7,1.71,2.54,cb
TR2607310013029,CL100187,EN00444,trottinette,Lille,ST1034,ST1047,2026-07-31 19:32:01,2026-07-31 19:47:01,15,4.43,4.3,cb
TR2607310013030,CL106432,EN00423,velo_elec,Lille,ST1035,ST1045,31/07/2026 19:37,2026-07-31 19:47:26,10,2.3,3.5,cb
TR2607310013031,CL102662,EN00492,velo_elec,Lille,ST1038,ST1041,2026-07-31 19:39:55,1785520675,18,3.84,5.5,abonnement
TR2607310013032,CL100084,EN00446,trottinette,Lille,ST1040,ST1042,2026-07-31 19:36:57,2026-07-31 20:00:57,24,6.88,6.28,abonnement
TR2607310013033,CL106148,EN00573,velo,Grenoble,ST1052,ST1054,2026-07-31 19:41:35,2026-07-31 20:02:35,21,4.14,4.15,abonnement
TR2607310013034,CL100195,EN00514,velo_elec,Grenoble,ST1056,ST1051,2026-07-31 19:39:29,2026-07-31 20:08:29,29,9.23,8.25,cb
TR2607310013035,CL108482,EN00045,trottinette,Lyon,ST1002,ST1010,1785520109,2026-07-31 20:07:29,19,6.41,5.18,paypal
TR2607310013036,CL100128,EN00258,trottinette,Nantes,ST1020,ST1022,2026-07-31 19:58:25,2026-07-31 20:11:25,13,3.84,3.86,cb
TR2607310013037,CL100975,EN00318,velo_elec,Nantes,ST1021,ST1025,2026-07-31 19:56:06,2026-07-31 20:15:06,19,4.04,5.75,cb
TR2607310013038,CL107108,EN00303,velo_elec,Nantes,ST1024,ST1025,31/07/2026 19:54,1785520927,8,2.33,3.0,abonnement
TR2607310013039,CL103754,EN00341,velo_elec,Nantes,ST1027,ST1033,2026-07-31 20:00:50,2026-07-31 20:10:50,10,2.65,3.5,cb
TR2607310013040,CL107797,EN00224,velo_elec,Nantes,ST1029,ST1021,31/07/2026 19:55,2026-07-31 20:10:18,15,5.06,4.75,paypal
TR2607310013041,CL100896,EN00284,trottinette,Nantes,ST1029,ST1027,2026-07-31 19:51:49,2026-07-31 20:09:49,18,4.87,4.96,cb
TR2607310013042,CL100251,EN00222,velo_elec,Nantes,ST1031,ST1029,2026-07-31 19:47:26,2026-07-31 19:51:26,4,0.64,2.0,paypal
TR2607310013043,CL101680,EN00271,velo_elec,Nantes,ST1033,ST1025,2026-07-31 19:59:06,2026-07-31 20:10:06,11,3.74,3.75,abonnement
TR2607310013044,CL101117,EN00424,velo_elec,lille,ST1035,ST1038,2026-07-31 19:51:56,2026-07-31 19:54:56,3,0.99,1.75,abonnement
TR2607310013045,CL106743,EN00474,velo_elec,lille,ST1044,ST1041,2026-07-31 19:57:30,2026-07-31 20:05:30,8,1.91,3.0,cb
TR2607310013046,CL107129,EN00570,trottinette,Grenoble,ST1048,ST1052,2026-07-31 19:54:00,2026-07-31 19:59:00,5,1.58,2.1,abonnement
TR2607310013047,CL107195,EN00517,trottinette,Grenoble,ST1048,ST1052,31/07/2026 19:49,31/07/2026 20:04,15,2.37,4.3,cb
TR2607310013048,CL107539,EN00587,trottinette,Grenoble,ST1048,ST1058,31/07/2026 19:47,2026-07-31 20:02:26,15,4.77,4.3,abonnement
TR2607310013049,CL102772,EN00501,trottinette,Grenoble,ST1050,ST1053,2026-07-31 19:51:35,31/07/2026 20:11,20,3.01,5.4,paypal
TR2607310013050,CL100626,EN00536,velo_elec,Grenoble,ST1054,ST1052,2026-07-31 19:48:56,2026-07-31 19:56:56,8,2.16,3.0,paypal
TR2607310013051,CL104432,EN00585,velo_elec,Grenoble,ST1054,ST1055,2026-07-31 19:47:49,31/07/2026 20:06,19,6.45,5.75,abonnement
TR2607310013052,CL104804,EN00504,trottinette,Grenoble,ST1055,ST1057,2026-07-31 19:58:39,2026-07-31 20:14:39,16,4.19,4.52,
TR2607310013053,CL102437,EN00024,velo_elec,Lyon,ST1004,ST1012,2026-07-31 20:15:28,2026-07-31 20:51:28,36,10.61,10.0,cb
TR2607310013054,CL104592,EN00019,trottinette,Lyon,ST1008,ST1016,2026-07-31 20:05:16,2026-07-31 20:20:16,15,4.04,4.3,cb
TR2607310013055,CL100299,EN00249,velo_elec,NANTES,ST1021,ST1024,2026-07-31 20:14:45,1785522405,12,3.5,4.0,abonnement
TR2607310013056,CL108563,EN00349,velo_elec,Nantes,ST1030,ST1022,2026-07-31 20:02:25,1785521245,5,0.9,2.25,paypal
TR2607310013057,CL107852,EN00294,velo_elec,Nantes,ST1030,ST1032,2026-07-31 20:03:47,2026-07-31 20:15:47,12,2.07,4.0,cb
TR2607310013058,CL103140,EN00424,velo_elec,Lille,ST1038,ST1043,2026-07-31 20:10:28,2026-07-31 20:24:28,14,3.56,4.5,cb
TR2607310013059,CL103739,EN00482,velo_elec,Lille,ST1040,ST1037,2026-07-31 20:15:48,2026-07-31 20:22:48,7,1.7,2.75,
TR2607310013060,CL104470,EN00524,velo_elec,Grenoble,ST1053,ST1058,2026-07-31 20:07:31,31/07/2026 20:11,4,0.87,2.0,cb
TR2607310013061,CL105849,EN00539,velo_elec,Grenoble,ST1055,ST1057,2026-07-31 20:02:47,2026-07-31 20:27:47,25,7.81,7.25,
TR2607310013062,CL100180,EN00596,velo_elec,Grenoble,ST1058,ST1054,2026-07-31 20:14:21,2026-07-31 20:23:21,9,2.41,3.25,abonnement
TR2607310013063,CL106469,EN00352,velo_elec,Nantes,ST1024,ST1020,2026-07-31 20:27:56,2026-07-31 20:33:56,6,2.05,2.5,paypal
TR2607310013064,CL105227,EN00412,trottinette,Lille,ST1035,ST1042,,31/07/2026 20:29,5,1.55,2.1,abonnement
TR2607310013065,CL102842,EN00535,velo_elec,Grenoble,ST1051,ST1054,31/07/2026 20:28,2026-07-31 21:09:50,3557,14.2,11.25,abonnement
TR2607310013066,CL107177,EN00501,trottinette,Grenoble,ST1053,ST1057,2026-07-31 20:24:33,2026-07-31 20:31:33,7,1.46,2.54,abonnement
TR2607310013067,CL106172,EN00266,velo_elec,Nantes,ST1023,ST1020,2026-07-31 20:35:01,2026-07-31 20:52:01,17,2.67,5.25,cb
TR2607310013068,CL102129,EN00360,trottinette,Nantes,ST1028,ST1026,2026-07-31 20:41:59,2026-07-31 20:54:59,13,3.28,3.86,abonnement
TR2607310013069,CL104224,EN00236,velo_elec,Nantes,ST1032,ST1027,2026-07-31 20:41:07,2026-07-31 20:46:07,5,0.81,2.25,cb
TR2607310013070,CL105930,EN00341,velo_elec,Nantes,ST1033,ST1025,2026-07-31 20:42:45,,9,1.72,3.25,paypal
TR2607310013071,CL101447,EN00245,velo_elec,Nantes,ST1033,ST1021,1785522912,2026-07-31 20:45:12,10,3.15,3.5,paypal
TR2607310013072,CL101020,EN00417,trottinette,Lille,ST1038,ST1047,2026-07-31 20:43:51,2026-07-31 20:53:51,10,1.51,3.2,cb
TR2607310013073,CL104298,EN00481,velo_elec,LILLE,ST1046,ST1047,,1785524166,14,3.27,4.5,cb
TR2607310013074,CL106932,EN00571,trottinette,Grenoble,ST1049,ST1049,2026-07-31 20:40:57,2026-07-31 20:52:57,12,4.02,3.64,cb
TR2607310013075,CL104820,EN00045,trottinette,Lyon ,ST1010,ST1011,2026-07-31 20:56:23,2026-07-31 21:28:23,32,10.29,8.04,cb
TR2607310013076,CL101820,EN00286,velo_elec,Nante,ST1022,ST1027,2026-07-31 20:56:13,2026-07-31 21:07:13,11,2.05,3.75,abonnement
TR2607310013077,CL105416,EN00287,velo_elec,Nantes,ST1031,ST1032,31/07/2026 20:55,2026-07-31 21:07:25,6367,3.27,4.0,abonnement
TR2607310013078,CL100993,EN00511,trottinette,Grenoble,ST1055,ST1055,31/07/2026 21:00,2026-07-31 21:06:45,6,1.94,2.32,cb
TR2607310013079,CL101217,EN00402,trottinette,Lille,ST1034,ST1039,2026-07-31 21:04:58,2026-07-31 21:12:58,8,1.21,2.76,abonnement
TR2607310013080,CL107014,EN00451,velo_elec,Lille,ST1035,ST1035,1785525146,31/07/2026 21:23,11,2.75,3.75,cb
TR2607310013081,CL103405,EN00481,velo_elec,Lille,ST1047,ST1043,,31/07/2026 21:14,10,2.11,3.5,abonnement
TR2607310013082,CL107135,EN00592,velo_elec,Grenoble,ST1055,ST1051,2026-07-31 21:08:13,2026-07-31 21:12:13,4,0.66,2.0,abonnement
TR2607310013083,CL103531,EN00564,velo,Grenoble ,ST1056,ST1049,2026-07-31 21:05:58,2026-07-31 21:10:58,5,0.99,1.75,cb
TR2607310013084,CL105936,EN00198,velo_elec,Lyon,ST1008,ST1012,2026-07-31 21:16:24,2026-07-31 21:30:24,14,2.57,4.5,abonnement
TR2607310013085,CL106526,EN00347,trottinette,Nantes,ST1021,ST1022,2026-07-31 21:17:15,2026-07-31 21:23:15,6,1.52,2.32,cb
TR2607310013086,CL103106,EN00263,trottinette,Nantes,ST1024,ST1029,2026-07-31 21:28:42,2026-07-31 21:40:42,12,3.01,3.64,cb
TR2607310013087,CL100786,EN00338,velo_elec,Nantes,ST1033,ST1032,2026-07-31 21:27:43,1785527623,26,4.48,7.5,paypal
TR2607310013088,CL101392,EN00571,trottinette,Grenoble,ST1049,ST1050,,2026-07-31 21:22:08,3,0.99,1.66,cb
TR2607310013089,CL101021,EN00461,velo_elec,Lille,ST1043,ST1034,2026-07-31 21:42:32,,9,2.77,3.25,cb
TR2607310013090,CL102482,EN00600,trottinette,Grenoble,ST1049,ST1048,2026-07-31 21:41:15,1785528315,24,3.79,6.28,cb
TR2607310013091,CL102408,EN00551,trottinette,Grenoble,ST1054,ST1057,2026-07-31 21:34:53,2026-07-31 21:47:53,13,2.77,3.86,paypal
TR2607310013092,CL107221,EN00524,velo_elec,Grenoble,ST1058,ST1052,2026-07-31 21:46:14,2026-07-31 21:51:14,5,1.61,2.25,cb
TR2607310013093,CL106801,EN00355,velo_elec,Nantes,ST1021,ST1021,2026-07-31 21:46:31,2026-07-31 22:14:31,28,8.92,8.0,paypal
TR2607310013094,CL100423,EN00284,trottinette,Nantes,ST1027,ST1021,31/07/2026 21:59,2026-07-31 22:05:40,6,0.96,2.32,paypal
TR2607310013095,CL108455,EN00370,velo_elec,Lille,ST1041,ST1043,2026-07-31 21:52:04,2026-07-31 22:06:04,14,2.59,4.5,cb
TR2607310013096,CL102310,EN00461,velo_elec,Lille,ST1034,ST1042,2026-07-31 22:03:20,2026-07-31 22:40:20,37,9.01,10.25,abonnement
TR2607310013097,CL104805,EN00481,velo_elec,Lille,ST1043,ST1039,2026-07-31 22:05:19,2026-07-31 22:38:19,33,10.72,9.25,cb
TR2607310013098,CL107609,EN00571,trottinette,Grenoble,ST1050,ST1054,1785528473,2026-07-31 22:28:53,21,3.81,5.62,abonnement
TR2607310013099,CL102384,EN00543,velo,Grenoble,ST1056,ST1048,2026-07-31 22:09:20,2026-07-31 22:15:20,6,1.95,1.9,cb
TR2607310013100,CL100490,EN00363,velo_elec,Lille,ST1045,ST1038,2026-07-31 22:31:29,31/07/2026 22:43,12,2.72,,cb
TR2607310013101,CL101676,EN00592,velo_elec,Grenoble,ST1051,ST1052,2026-07-31 22:38:26,2026-07-31 22:46:26,8,2.43,3.0,cb
TR2607310013102,CL107934,EN00201,velo_elec,Lyon,ST1013,ST1009,2026-07-31 23:12:21,31/07/2026 23:17,5,0.85,2.25,cb
TR2607310013103,CL100956,EN00269,velo_elec,Nante,ST1020,ST1033,2026-07-31 23:26:50,2026-07-31 23:41:50,15,2.96,4.75,paypal
TR2607310013104,CL101076,EN00408,velo_elec,Lille,ST1035,ST1046,2026-07-31 23:36:55,2026-07-31 23:43:55,7,1.43,2.75,cb
TR2607310013105,CL104614,EN00474,velo_elec,Lille,ST1041,ST1045,2026-07-31 23:41:40,2026-07-31 23:51:40,10,2.18,3.5,cb
TR2607310013106,CL100660,EN00468,trottinette,Lille,ST1046,ST1037,31/07/2026 23:57,2026-08-01 00:05:20,8,2.51,2.76,abonnement
