id_intervention;ref_engin;ville;date_alerte;date_intervention;batterie_avant;batterie_apres;resultat;technicien;commentaire
VS-0009895;MC-EN00063;LYON;05/09/2026 21:04;06/09/2026 07:09;15;95;Réalisée;Karim Simon;
VS-0009896;MC-EN00153;LYON;05/09/2026 21:09;06/09/2026 07:07;15;98;Réalisée;Ilyes Simon;Batterie remplacee, capot a revoir
VS-0009897;MC-EN00267;NANTES;05/09/2026 04:58;06/09/2026 07:03;9;96;Réalisée;Sofia Bernard;
VS-0009898;MC-EN00473;LILLE;05/09/2026 22:02;06/09/2026 07:06;16;95;Réalisée;Louise Dubois;Batterie remplacee, capot a revoir
VS-0009899;MC-EN00435;LILLE;05/09/2026 22:54;06/09/2026 07:13;6;95;Réalisée;Ines Dubois;Batterie remplacee, capot a revoir
VS-0009900;MC-EN00507;GRENOBLE;05/09/2026 20:31;06/09/2026 07:11;0;95;Réalisée;Ilyes Girard;
VS-0009901;MC-EN00144;LYON;05/09/2026 21:30;06/09/2026 07:29;16;95;Réalisée;Camille Petit;
VS-0009902;MC-EN00177;LYON;05/09/2026 22:07;06/09/2026 07:26;4;97;Réalisée;Gabriel Roux;Acces difficile, stationnement genant
VS-0009903;MC-EN00079;LYON;05/09/2026 22:22;06/09/2026 07:24;4;95;Réalisée;Karim Simon;
VS-0009904;MC-EN00427;LILLE;05/09/2026 23:11;06/09/2026 07:29;5;98;Réalisée;Ines Dubois;Batterie remplacee, capot a revoir
VS-0009905;MC-EN00579;GRENOBLE;05/09/2026 20:35;06/09/2026 07:21;0;99;Réalisée;Noah Simon;Batterie remplacee, capot a revoir
VS-0009906;MC-EN00119;LYON;05/09/2026 22:22;06/09/2026 07:36;16;95;Réalisée;Adam Garcia;
VS-0009907;MC-EN00131;LYON;05/09/2026 22:38;06/09/2026 07:32;16;99;Réalisée;Camille Petit;Engin deplace par un usager
VS-0009908;MC-EN00164;LYON;05/09/2026 22:45;06/09/2026 07:35;5;97;Réalisée;Ilyes Simon;
VS-0009909;MC-EN00312;NANTES;05/09/2026 06:25;06/09/2026 07:36;9;97;Réalisée;Sofia Bernard;
VS-0009910;MC-EN00485;LILLE;05/09/2026 23:22;06/09/2026 07:43;5;99;Réalisée;Louise Dubois;Engin deplace par un usager
VS-0009911;MC-EN00438;LILLE;05/09/2026 23:33;06/09/2026 07:43;16;99;Réalisée;Hugo Bernard;
VS-0009912;MC-EN00577;GRENOBLE;05/09/2026 22:27;06/09/2026 07:38;16;99;Réalisée;Noah Simon;
VS-0009913;MC-EN00214;LYON;05/09/2026 22:45;06/09/2026 07:59;4;95;Réalisée;Gabriel Roux;Batterie remplacee, capot a revoir
VS-0009914;MC-EN00167;LYON;05/09/2026 23:00;06/09/2026 07:52;8;97;Réalisée;Adam Garcia;Batterie remplacee, capot a revoir
VS-0009915;MC-EN00489;LILLE;06/09/2026 00:30;06/09/2026 07:47;17;95;Réalisée;Hugo Bernard;
VS-0009916;MC-EN00444;LILLE;06/09/2026 00:48;06/09/2026 07:53;7;99;Réalisée;Camille Dubois;
VS-0009917;MC-EN00509;GRENOBLE;05/09/2026 22:45;06/09/2026 07:49;4;98;Réalisée;Adam Robert;
VS-0009918;MC-EN00154;LYON;05/09/2026 23:19;06/09/2026 08:02;15;98;Réalisée;Karim Simon;
VS-0009919;MC-EN00023;LYON;05/09/2026 23:55;06/09/2026 08:07;5;99;Réalisée;Gabriel Roux;
VS-0009920;MC-EN00422;LILLE;06/09/2026 00:53;06/09/2026 08:10;7;;Engin introuvable;Ines Dubois;Engin deplace par un usager
VS-0009921;MC-EN00584;GRENOBLE;05/09/2026 23:35;06/09/2026 08:06;16;99;Réalisée;Sofia Nguyen;Batterie remplacee, capot a revoir
VS-0009922;MC-EN00566;GRENOBLE;06/09/2026 00:11;06/09/2026 08:14;16;95;Réalisée;Sofia Nguyen;Batterie remplacee, capot a revoir
VS-0009923;MC-EN00010;LYON;06/09/2026 00:25;06/09/2026 08:23;16;98;Réalisée;Ilyes Simon;Engin deplace par un usager
VS-0009924;MC-EN00141;LYON;06/09/2026 00:38;06/09/2026 08:17;16;97;Réalisée;Camille Petit;Batterie remplacee, capot a revoir
VS-0009925;MC-EN00129;LYON;06/09/2026 00:47;06/09/2026 08:24;16;96;Réalisée;Camille Petit;
VS-0009926;MC-EN00467;LILLE;06/09/2026 01:02;06/09/2026 08:15;7;95;Réalisée;Louise Dubois;
VS-0009927;MC-EN00592;GRENOBLE;06/09/2026 00:17;06/09/2026 08:29;6;97;Réalisée;Noah Simon;
VS-0009928;MC-EN00514;GRENOBLE;06/09/2026 02:17;06/09/2026 08:19;9;96;Réalisée;Sofia Nguyen;Acces difficile, stationnement genant
VS-0009929;MC-EN00135;LYON;06/09/2026 00:54;06/09/2026 08:37;6;97;Réalisée;Karim Simon;Acces difficile, stationnement genant
VS-0009930;MC-EN00034;LYON;06/09/2026 01:15;06/09/2026 08:40;7;96;Réalisée;Ilyes Simon;
VS-0009931;MC-EN00377;LILLE;06/09/2026 01:18;06/09/2026 08:33;17;98;Réalisée;Hugo Bernard;
VS-0009932;MC-EN00474;LILLE;06/09/2026 01:44;06/09/2026 08:40;17;96;Réalisée;Hugo Bernard;
VS-0009933;MC-EN00588;GRENOBLE;06/09/2026 02:45;06/09/2026 08:35;9;97;Réalisée;Noah Simon;
VS-0009934;MC-EN00136;LYON;06/09/2026 01:33;06/09/2026 08:59;7;95;Réalisée;Adam Garcia;Acces difficile, stationnement genant
VS-0009935;MC-EN00053;LYON;06/09/2026 01:38;06/09/2026 08:47;17;98;Réalisée;Camille Petit;Acces difficile, stationnement genant
VS-0009936;MC-EN00310;NANTES;05/09/2026 06:33;06/09/2026 08:57;0;95;Réalisée;Ines Moreau;Batterie remplacee, capot a revoir
VS-0009937;MC-EN00409;LILLE;06/09/2026 02:43;06/09/2026 08:51;9;95;Réalisée;Ines Dubois;
VS-0009938;MC-EN00411;LILLE;06/09/2026 03:03;06/09/2026 08:57;10;98;Réalisée;Louise Dubois;Acces difficile, stationnement genant
VS-0009939;MC-EN00546;GRENOBLE;06/09/2026 03:12;06/09/2026 08:48;10;95;Réalisée;Ilyes Girard;
VS-0009940;MC-EN00580;GRENOBLE;06/09/2026 03:18;06/09/2026 08:46;10;95;Réalisée;Noah Simon;
VS-0009941;MC-EN00067;LYON;06/09/2026 01:39;06/09/2026 09:08;6;95;Réalisée;Camille Petit;Engin deplace par un usager
VS-0009942;MC-EN00033;LYON;06/09/2026 02:09;06/09/2026 09:01;17;98;Réalisée;Ilyes Simon;
VS-0009943;MC-EN00359;NANTES;05/09/2026 06:36;06/09/2026 09:09;9;96;Réalisée;Mehdi Robert;Acces difficile, stationnement genant
VS-0009944;MC-EN00442;LILLE;06/09/2026 05:28;06/09/2026 09:07;18;96;Réalisée;Hugo Bernard;Batterie remplacee, capot a revoir
VS-0009945;MC-EN00456;LILLE;06/09/2026 06:42;06/09/2026 09:01;18;96;Réalisée;Hugo Bernard;Acces difficile, stationnement genant
VS-0009946;MC-EN00513;GRENOBLE;06/09/2026 05:05;06/09/2026 09:01;18;99;Réalisée;Rayan Fournier;
VS-0009947;MC-EN00066;LYON;06/09/2026 02:22;06/09/2026 09:17;17;98;Réalisée;Karim Simon;
VS-0009948;MC-EN00201;LYON;06/09/2026 02:42;06/09/2026 09:21;8;99;Réalisée;Ilyes Simon;Batterie remplacee, capot a revoir
VS-0009949;MC-EN00068;LYON;06/09/2026 02:56;06/09/2026 09:15;9;96;Réalisée;Adam Garcia;Engin deplace par un usager
VS-0009950;MC-EN00380;LILLE;06/09/2026 06:52;06/09/2026 09:17;15;98;Réalisée;Ines Dubois;
VS-0009951;MC-EN00596;GRENOBLE;06/09/2026 07:35;06/09/2026 09:29;16;96;Réalisée;Noah Simon;Acces difficile, stationnement genant
VS-0009952;MC-EN00180;LYON;06/09/2026 03:15;06/09/2026 09:37;9;95;Réalisée;Camille Petit;Engin deplace par un usager
VS-0009953;MC-EN00093;LYON;06/09/2026 03:47;06/09/2026 09:41;17;97;Réalisée;Karim Simon;Batterie remplacee, capot a revoir
VS-0009954;MC-EN00422;LILLE;06/09/2026 08:29;06/09/2026 09:44;5;97;Réalisée;Camille Dubois;Batterie remplacee, capot a revoir
VS-0009955;MC-EN00508;GRENOBLE;06/09/2026 08:08;06/09/2026 09:38;11;97;Réalisée;Ilyes Girard;
VS-0009956;MC-EN00571;GRENOBLE;06/09/2026 08:15;06/09/2026 09:38;19;97;Réalisée;Rayan Fournier;
VS-0009957;MC-EN00151;LYON;06/09/2026 04:29;06/09/2026 09:45;17;96;Réalisée;Ilyes Simon;
VS-0009958;MC-EN00062;LYON;06/09/2026 04:52;06/09/2026 09:53;17;;Engin introuvable;Adam Garcia;Batterie remplacee, capot a revoir
VS-0009959;MC-EN00083;LYON;06/09/2026 05:44;06/09/2026 09:45;12;95;Réalisée;Ilyes Simon;
VS-0009960;MC-EN00277;NANTES;05/09/2026 06:56;06/09/2026 09:47;9;97;Réalisée;Ines Moreau;Engin deplace par un usager
VS-0009961;MC-EN00484;LILLE;06/09/2026 08:33;06/09/2026 09:56;16;98;Réalisée;Hugo Bernard;
VS-0009962;MC-EN00530;GRENOBLE;06/09/2026 08:47;06/09/2026 09:52;19;95;Réalisée;Sofia Nguyen;Engin deplace par un usager
VS-0009963;MC-EN00210;LYON;06/09/2026 05:51;06/09/2026 10:11;8;97;Réalisée;Camille Petit;Acces difficile, stationnement genant
VS-0009964;MC-EN00085;LYON;06/09/2026 05:57;06/09/2026 10:01;12;99;Réalisée;Karim Simon;Batterie remplacee, capot a revoir
VS-0009965;MC-EN00050;LYON;06/09/2026 06:10;06/09/2026 10:14;18;98;Réalisée;Ilyes Simon;Engin deplace par un usager
VS-0009966;MC-EN00368;LILLE;06/09/2026 09:44;06/09/2026 10:11;19;96;Réalisée;Hugo Bernard;Engin deplace par un usager
VS-0009967;MC-EN00503;GRENOBLE;06/09/2026 09:55;06/09/2026 10:12;19;97;Réalisée;Rayan Fournier;
VS-0009968;MC-EN00200;LYON;06/09/2026 06:26;06/09/2026 10:20;13;98;Réalisée;Gabriel Roux;Acces difficile, stationnement genant
VS-0009969;MC-EN00146;LYON;06/09/2026 06:34;06/09/2026 10:22;13;;Engin introuvable;Gabriel Roux;
VS-0009970;MC-EN00036;LYON;06/09/2026 07:11;06/09/2026 10:15;18;97;Réalisée;Camille Petit;Engin deplace par un usager
VS-0009971;MC-EN00271;NANTES;05/09/2026 07:48;06/09/2026 10:26;0;97;Réalisée;Noah Bernard;Batterie remplacee, capot a revoir
VS-0009972;MC-EN00362;LILLE;06/09/2026 09:45;06/09/2026 10:27;19;99;Réalisée;Camille Dubois;Batterie remplacee, capot a revoir
VS-0009973;MC-EN00511;GRENOBLE;06/09/2026 10:05;06/09/2026 10:25;19;96;Réalisée;Noah Simon;Batterie remplacee, capot a revoir
VS-0009974;MC-EN00074;LYON;06/09/2026 07:27;06/09/2026 10:40;0;98;Réalisée;Ilyes Simon;
VS-0009975;MC-EN00140;LYON;06/09/2026 07:28;06/09/2026 10:42;18;95;Réalisée;Gabriel Roux;Engin deplace par un usager
VS-0009976;MC-EN00211;LYON;06/09/2026 07:38;06/09/2026 10:31;14;98;Réalisée;Camille Petit;Engin deplace par un usager
VS-0009977;MC-EN00372;LILLE;06/09/2026 09:56;06/09/2026 10:41;19;99;Réalisée;Louise Dubois;
VS-0009978;MC-EN00532;GRENOBLE;06/09/2026 10:23;06/09/2026 10:33;19;95;Réalisée;Rayan Fournier;Engin deplace par un usager
VS-0009979;MC-EN00190;LYON;06/09/2026 08:11;06/09/2026 10:59;15;97;Réalisée;Gabriel Roux;Batterie remplacee, capot a revoir
VS-0009980;MC-EN00091;LYON;06/09/2026 08:53;06/09/2026 10:52;19;98;Réalisée;Ilyes Simon;Batterie remplacee, capot a revoir
VS-0009981;MC-EN00302;NANTES;05/09/2026 07:58;06/09/2026 10:45;9;99;Réalisée;Sofia Bernard;Batterie remplacee, capot a revoir
VS-0009982;MC-EN00417;LILLE;06/09/2026 10:07;06/09/2026 10:53;18;95;Réalisée;Camille Dubois;Acces difficile, stationnement genant
VS-0009983;MC-EN00479;LILLE;06/09/2026 10:11;06/09/2026 10:45;15;96;Réalisée;Ines Dubois;Engin deplace par un usager
VS-0009984;MC-EN00587;GRENOBLE;06/09/2026 10:37;06/09/2026 10:55;19;97;Réalisée;Adam Robert;Engin deplace par un usager
VS-0009985;MC-EN00003;LYON;06/09/2026 08:56;06/09/2026 11:06;15;97;Réalisée;Adam Garcia;Batterie remplacee, capot a revoir
VS-0009986;MC-EN00006;LYON;06/09/2026 09:01;06/09/2026 11:08;4;98;Réalisée;Karim Simon;Batterie remplacee, capot a revoir
VS-0009987;MC-EN00290;NANTES;05/09/2026 08:22;06/09/2026 11:00;9;97;Réalisée;Mehdi Robert;
VS-0009988;MC-EN00498;LILLE;06/09/2026 10:48;06/09/2026 11:14;19;95;Réalisée;Louise Roux;Acces difficile, stationnement genant
VS-0009989;MC-EN00559;GRENOBLE;06/09/2026 10:22;06/09/2026 11:10;12;96;Réalisée;Adam Robert;
VS-0009990;MC-EN00145;LYON;06/09/2026 09:13;06/09/2026 11:28;16;95;Réalisée;Gabriel Roux;
VS-0009991;MC-EN00212;LYON;06/09/2026 09:24;06/09/2026 11:17;6;99;Réalisée;Adam Garcia;
VS-0009992;MC-EN00300;NANTES;05/09/2026 09:46;06/09/2026 11:29;3;95;Réalisée;Sofia Bernard;
VS-0009993;MC-EN00426;LILLE;06/09/2026 11:11;06/09/2026 11:28;15;98;Réalisée;Camille Dubois;Acces difficile, stationnement genant
VS-0009994;MC-EN00570;GRENOBLE;06/09/2026 10:47;06/09/2026 11:16;18;97;Réalisée;Noah Simon;Acces difficile, stationnement genant
VS-0009995;MC-EN00185;LYON;06/09/2026 09:33;06/09/2026 11:42;14;96;Réalisée;Karim Simon;
VS-0009996;MC-EN00174;LYON;06/09/2026 09:35;06/09/2026 11:31;19;97;Réalisée;Karim Simon;
VS-0009997;MC-EN00233;NANTES;05/09/2026 09:55;06/09/2026 11:37;9;95;Réalisée;Sofia Bernard;Batterie remplacee, capot a revoir
VS-0009998;MC-EN00014;LYON;06/09/2026 09:48;06/09/2026 11:51;19;97;Réalisée;Karim Simon;Engin deplace par un usager
VS-0009999;MC-EN00020;LYON;06/09/2026 09:57;06/09/2026 11:48;19;99;Réalisée;Ilyes Simon;Engin deplace par un usager
VS-0010000;MC-EN00062;LYON;06/09/2026 10:05;06/09/2026 11:51;17;95;Réalisée;Karim Simon;
VS-0010001;MC-EN00019;LYON;06/09/2026 10:21;06/09/2026 12:09;19;96;Réalisée;Camille Petit;
VS-0010002;MC-EN00146;LYON;06/09/2026 10:33;06/09/2026 12:00;10;98;Réalisée;Gabriel Roux;Acces difficile, stationnement genant
VS-0010003;MC-EN00541;GRENOBLE;06/09/2026 12:11;06/09/2026 12:28;19;99;Réalisée;Ilyes Girard;Acces difficile, stationnement genant
VS-0010004;MC-EN00150;LYON;06/09/2026 12:56;06/09/2026 12:16;19;95;Réalisée;Ilyes Simon;Engin deplace par un usager
VS-0010005;MC-EN00157;LYON;06/09/2026 11:30;06/09/2026 12:28;16;96;Réalisée;Ilyes Simon;Batterie remplacee, capot a revoir
VS-0010006;MC-EN00052;LYON;06/09/2026 11:32;06/09/2026 12:15;10;;Engin introuvable;Ilyes Simon;Acces difficile, stationnement genant
VS-0010007;MC-EN00057;LYON;06/09/2026 11:37;06/09/2026 12:36;15;97;Réalisée;Karim Simon;
VS-0010008;MC-EN00054;LYON;06/09/2026 11:42;06/09/2026 12:42;18;97;Réalisée;Ilyes Simon;Engin deplace par un usager
VS-0010009;MC-EN00058;LYON;06/09/2026 12:02;06/09/2026 12:45;14;97;Réalisée;Adam Garcia;Batterie remplacee, capot a revoir
VS-0010010;MC-EN00106;LYON;06/09/2026 12:26;06/09/2026 12:45;19;96;Réalisée;Camille Petit;Batterie remplacee, capot a revoir
VS-0010011;MC-EN00025;LYON;06/09/2026 12:31;06/09/2026 12:50;14;98;Réalisée;Ilyes Simon;Engin deplace par un usager
VS-0010012;MC-EN00393;LILLE;06/09/2026 12:42;06/09/2026 12:59;6;96;Réalisée;Ines Dubois;
VS-0010013;MC-EN00549;GRENOBLE;06/09/2026 12:48;06/09/2026 12:53;19;99;Réalisée;Rayan Fournier;
VS-0010014;MC-EN00052;LYON;06/09/2026 12:34;06/09/2026 13:00;10;99;Réalisée;Adam Garcia;Acces difficile, stationnement genant
VS-0010015;MC-EN00071;LYON;06/09/2026 12:37;06/09/2026 13:13;15;98;Réalisée;Camille Petit;
VS-0010016;MC-EN00333;NANTES;05/09/2026 10:01;06/09/2026 13:08;0;99;Réalisée;Noah Bernard;
VS-0010017;MC-EN00435;LILLE;06/09/2026 12:50;06/09/2026 13:06;17;98;Réalisée;Louise Roux;
VS-0010018;MC-EN00055;LYON;06/09/2026 12:38;06/09/2026 13:17;10;99;Réalisée;Gabriel Roux;Engin deplace par un usager
VS-0010019;MC-EN00152;LYON;06/09/2026 12:46;06/09/2026 13:27;19;97;Réalisée;Gabriel Roux;
VS-0010020;MC-EN00400;LILLE;06/09/2026 12:59;06/09/2026 13:21;15;95;Réalisée;Louise Dubois;Batterie remplacee, capot a revoir
VS-0010021;MC-EN00200;LYON;06/09/2026 12:55;06/09/2026 13:30;12;96;Réalisée;Adam Garcia;
VS-0010022;MC-EN00100;LYON;06/09/2026 12:57;06/09/2026 13:38;18;97;Réalisée;Gabriel Roux;Batterie remplacee, capot a revoir
VS-0010023;MC-EN00030;LYON;06/09/2026 12:58;06/09/2026 13:41;13;96;Réalisée;Gabriel Roux;Acces difficile, stationnement genant
VS-0010024;MC-EN00284;NANTES;05/09/2026 10:07;06/09/2026 13:40;0;99;Réalisée;Noah Bernard;Acces difficile, stationnement genant
VS-0010025;MC-EN00426;LILLE;06/09/2026 12:44;06/09/2026 13:40;12;95;Réalisée;Hugo Bernard;Acces difficile, stationnement genant
VS-0010026;MC-EN00178;LYON;06/09/2026 12:33;06/09/2026 13:52;1;96;Réalisée;Gabriel Roux;
VS-0010027;MC-EN00139;LYON;06/09/2026 12:58;06/09/2026 13:58;16;95;Réalisée;Ilyes Simon;Batterie remplacee, capot a revoir
VS-0010028;MC-EN00044;LYON;06/09/2026 13:01;06/09/2026 13:52;18;96;Réalisée;Gabriel Roux;Engin deplace par un usager
VS-0010029;MC-EN00449;LILLE;06/09/2026 13:44;06/09/2026 13:51;19;95;Réalisée;Louise Roux;Engin deplace par un usager
VS-0010030;MC-EN00477;LILLE;06/09/2026 13:56;06/09/2026 14:15;19;96;Réalisée;Louise Roux;
VS-0010031;MC-EN00533;GRENOBLE;06/09/2026 13:45;06/09/2026 13:53;19;95;Réalisée;Adam Robert;Batterie remplacee, capot a revoir
VS-0010032;MC-EN00172;LYON;06/09/2026 13:01;06/09/2026 14:07;4;95;Réalisée;Karim Simon;Engin deplace par un usager
VS-0010033;MC-EN00121;LYON;06/09/2026 13:04;06/09/2026 14:11;19;96;Réalisée;Karim Simon;
VS-0010034;MC-EN00078;LYON;06/09/2026 13:27;06/09/2026 14:04;19;96;Réalisée;Karim Simon;
VS-0010035;MC-EN00446;LILLE;06/09/2026 13:05;06/09/2026 14:01;0;97;Réalisée;Ines Dubois;Batterie remplacee, capot a revoir
VS-0010036;MC-EN00575;GRENOBLE;06/09/2026 13:46;06/09/2026 14:04;17;98;Réalisée;Sofia Nguyen;
VS-0010037;MC-EN00112;LYON;06/09/2026 13:38;06/09/2026 14:25;9;97;Réalisée;Ilyes Simon;Acces difficile, stationnement genant
VS-0010038;MC-EN00122;LYON;06/09/2026 13:47;06/09/2026 14:28;18;97;Réalisée;Karim Simon;Acces difficile, stationnement genant
VS-0010039;MC-EN00441;LILLE;06/09/2026 14:00;06/09/2026 14:28;19;99;Réalisée;Ines Dubois;
VS-0010040;MC-EN00408;LILLE;06/09/2026 14:17;06/09/2026 14:34;16;96;Réalisée;Camille Dubois;
VS-0010041;MC-EN00599;GRENOBLE;06/09/2026 14:16;06/09/2026 14:32;19;96;Réalisée;Noah Simon;Batterie remplacee, capot a revoir
VS-0010042;MC-EN00133;LYON;06/09/2026 13:47;06/09/2026 14:36;19;95;Réalisée;Karim Simon;
VS-0010043;MC-EN00109;LYON;06/09/2026 13:49;06/09/2026 14:41;5;98;Réalisée;Gabriel Roux;Engin deplace par un usager
VS-0010044;MC-EN00005;LYON;06/09/2026 14:05;06/09/2026 14:31;19;99;Réalisée;Adam Garcia;
VS-0010045;MC-EN00347;NANTES;05/09/2026 10:16;06/09/2026 14:42;0;;Réalisée;Sofia Bernard;
VS-0010046;MC-EN00481;LILLE;06/09/2026 14:43;06/09/2026 15:03;19;97;Réalisée;Hugo Bernard;
VS-0010047;MC-EN00103;LYON;06/09/2026 14:09;06/09/2026 14:49;19;95;Réalisée;Ilyes Simon;
VS-0010048;MC-EN00361;LILLE;06/09/2026 13:51;06/09/2026 14:52;9;;Engin introuvable;Camille Dubois;Engin deplace par un usager
VS-0010049;MC-EN00361;LILLE;06/09/2026 15:12;06/09/2026 15:18;9;99;Réalisée;Camille Dubois;Acces difficile, stationnement genant
VS-0010050;MC-EN00552;GRENOBLE;06/09/2026 15:06;06/09/2026 15:15;19;95;Réalisée;Noah Simon;Engin deplace par un usager
VS-0010051;MC-EN00073;LYON;06/09/2026 15:18;06/09/2026 15:27;19;99;Réalisée;Gabriel Roux;Engin deplace par un usager
VS-0010052;MC-EN00381;LILLE;06/09/2026 14:53;06/09/2026 15:19;11;96;Réalisée;Ines Dubois;Acces difficile, stationnement genant
VS-0010053;MC-EN00034;LYON;06/09/2026 15:08;06/09/2026 15:44;13;97;Réalisée;Gabriel Roux;Engin deplace par un usager
VS-0010054;MC-EN00202;LYON;06/09/2026 15:19;06/09/2026 15:34;14;96;Réalisée;Karim Simon;Batterie remplacee, capot a revoir
VS-0010055;MC-EN00383;LILLE;06/09/2026 15:17;06/09/2026 15:40;2;99;Réalisée;Hugo Bernard;
VS-0010056;MC-EN00164;LYON;06/09/2026 15:37;06/09/2026 15:56;11;95;Réalisée;Adam Garcia;
VS-0010057;MC-EN00372;LILLE;06/09/2026 15:16;06/09/2026 15:53;12;95;Réalisée;Louise Roux;Engin deplace par un usager
VS-0010058;MC-EN00395;LILLE;06/09/2026 15:26;06/09/2026 15:53;3;96;Réalisée;Louise Dubois;
VS-0010059;MC-EN00304;NANTES;05/09/2026 11:18;06/09/2026 16:03;8;97;Réalisée;Gabriel Laurent;
VS-0010060;MC-EN00380;LILLE;06/09/2026 15:41;06/09/2026 16:05;19;96;Réalisée;Louise Roux;
VS-0010061;MC-EN00374;LILLE;06/09/2026 15:44;06/09/2026 16:04;19;97;Réalisée;Louise Roux;Engin deplace par un usager
VS-0010062;MC-EN00219;LYON;06/09/2026 15:40;06/09/2026 16:16;8;98;Réalisée;Karim Simon;Batterie remplacee, capot a revoir
VS-0010063;MC-EN00355;NANTES;05/09/2026 11:47;06/09/2026 16:24;4;97;Réalisée;Noah Bernard;
VS-0010064;MC-EN00462;LILLE;06/09/2026 15:58;06/09/2026 16:25;19;98;Réalisée;Ines Dubois;Batterie remplacee, capot a revoir
VS-0010065;MC-EN00382;LILLE;06/09/2026 16:05;06/09/2026 16:25;19;99;Réalisée;Hugo Bernard;Engin deplace par un usager
VS-0010066;MC-EN00528;GRENOBLE;06/09/2026 16:29;06/09/2026 16:41;19;;Engin introuvable;Ilyes Girard;
VS-0010067;MC-EN00301;NANTES;05/09/2026 12:10;06/09/2026 16:35;0;95;Réalisée;Noah Bernard;
VS-0010068;MC-EN00406;LILLE;06/09/2026 15:47;06/09/2026 16:30;8;98;Réalisée;Ines Dubois;Batterie remplacee, capot a revoir
VS-0010069;MC-EN00528;GRENOBLE;06/09/2026 16:33;06/09/2026 16:46;19;95;Réalisée;Noah Simon;Engin deplace par un usager
VS-0010070;MC-EN00218;LYON;06/09/2026 16:50;06/09/2026 16:58;19;98;Réalisée;Adam Garcia;
VS-0010071;MC-EN00031;LYON;06/09/2026 16:54;06/09/2026 17:06;19;95;Réalisée;Karim Simon;Engin deplace par un usager
VS-0010072;MC-EN00445;LILLE;06/09/2026 16:29;06/09/2026 16:57;18;98;Réalisée;Camille Dubois;
VS-0010073;MC-EN00506;GRENOBLE;06/09/2026 16:35;06/09/2026 16:48;13;99;Réalisée;Rayan Fournier;
VS-0010074;MC-EN00492;LILLE;06/09/2026 16:31;06/09/2026 17:10;19;98;Réalisée;Louise Dubois;Acces difficile, stationnement genant
VS-0010075;MC-EN00508;GRENOBLE;06/09/2026 16:46;06/09/2026 17:06;19;99;Réalisée;Ilyes Girard;
VS-0010076;MC-EN00132;LYON;06/09/2026 17:04;06/09/2026 17:19;13;98;Réalisée;Camille Petit;
VS-0010077;MC-EN00200;LYON;06/09/2026 17:12;06/09/2026 17:19;14;98;Réalisée;Gabriel Roux;Engin deplace par un usager
VS-0010078;MC-EN00288;NANTES;05/09/2026 12:43;06/09/2026 17:18;0;99;Réalisée;Gabriel Laurent;
VS-0010079;MC-EN00388;LILLE;06/09/2026 16:37;06/09/2026 17:25;19;96;Réalisée;Hugo Bernard;
VS-0010080;MC-EN00004;LYON;06/09/2026 16:51;06/09/2026 17:41;13;97;Réalisée;Gabriel Roux;
VS-0010081;MC-EN00163;LYON;06/09/2026 17:12;06/09/2026 17:35;6;98;Réalisée;Ilyes Simon;Acces difficile, stationnement genant
VS-0010082;MC-EN00270;NANTES;05/09/2026 12:47;06/09/2026 17:30;8;96;Réalisée;Ines Moreau;
VS-0010083;MC-EN00442;LILLE;06/09/2026 16:02;06/09/2026 17:44;0;99;Réalisée;Louise Dubois;
VS-0010084;MC-EN00415;LILLE;06/09/2026 16:45;06/09/2026 17:34;0;96;Réalisée;Ines Dubois;Acces difficile, stationnement genant
VS-0010085;MC-EN00597;GRENOBLE;06/09/2026 17:25;06/09/2026 17:31;16;97;Réalisée;Sofia Nguyen;
VS-0010086;MC-EN00179;LYON;06/09/2026 17:18;06/09/2026 17:56;15;97;Réalisée;Camille Petit;
VS-0010087;MC-EN00389;LILLE;06/09/2026 16:53;06/09/2026 17:46;19;99;Réalisée;Ines Dubois;Acces difficile, stationnement genant
VS-0010088;MC-EN00412;LILLE;06/09/2026 17:11;06/09/2026 17:47;8;95;Réalisée;Camille Dubois;
VS-0010089;MC-EN00504;GRENOBLE;06/09/2026 17:39;06/09/2026 17:46;19;97;Réalisée;Noah Simon;
VS-0010090;MC-EN00010;LYON;06/09/2026 17:51;06/09/2026 18:06;19;99;Réalisée;Adam Garcia;
VS-0010091;MC-EN00029;LYON;06/09/2026 17:54;06/09/2026 18:10;15;97;Réalisée;Ilyes Simon;
VS-0010092;MC-EN00386;LILLE;06/09/2026 17:22;06/09/2026 18:08;8;96;Réalisée;Louise Roux;Batterie remplacee, capot a revoir
VS-0010093;MC-EN00579;GRENOBLE;06/09/2026 17:37;06/09/2026 18:10;11;98;Réalisée;Ilyes Girard;Acces difficile, stationnement genant
VS-0010094;MC-EN00044;LYON;06/09/2026 17:55;06/09/2026 18:26;16;99;Réalisée;Camille Petit;Batterie remplacee, capot a revoir
VS-0010095;MC-EN00068;LYON;06/09/2026 18:05;06/09/2026 18:24;17;98;Réalisée;Gabriel Roux;
VS-0010096;MC-EN00107;LYON;06/09/2026 18:09;06/09/2026 18:25;19;97;Réalisée;Karim Simon;
VS-0010097;MC-EN00236;NANTES;05/09/2026 13:00;06/09/2026 18:29;0;99;Réalisée;Ines Moreau;Engin deplace par un usager
VS-0010098;MC-EN00373;LILLE;06/09/2026 17:23;06/09/2026 18:20;14;95;Réalisée;Ines Dubois;Acces difficile, stationnement genant
VS-0010099;MC-EN00446;LILLE;06/09/2026 17:29;06/09/2026 18:15;19;96;Réalisée;Ines Dubois;Engin deplace par un usager
VS-0010100;MC-EN00158;LYON;06/09/2026 18:10;06/09/2026 18:42;17;98;Réalisée;Gabriel Roux;
VS-0010101;MC-EN00150;LYON;06/09/2026 18:14;06/09/2026 18:39;19;97;Réalisée;Karim Simon;Acces difficile, stationnement genant
VS-0010102;MC-EN00154;LYON;06/09/2026 18:22;06/09/2026 18:41;11;99;Réalisée;Camille Petit;Engin deplace par un usager
VS-0010103;MC-EN00351;NANTES;05/09/2026 13:49;06/09/2026 18:37;3;95;Réalisée;Sofia Bernard;Acces difficile, stationnement genant
VS-0010104;MC-EN00565;GRENOBLE;06/09/2026 18:33;06/09/2026 18:45;19;95;Réalisée;Adam Robert;
VS-0010105;MC-EN00207;LYON;06/09/2026 18:40;06/09/2026 18:59;19;97;Réalisée;Gabriel Roux;Acces difficile, stationnement genant
VS-0010106;MC-EN00329;NANTES;05/09/2026 13:59;06/09/2026 18:56;0;98;Réalisée;Gabriel Laurent;
VS-0010107;MC-EN00396;LILLE;06/09/2026 18:45;06/09/2026 18:55;19;97;Réalisée;Camille Dubois;
VS-0010108;MC-EN00546;GRENOBLE;06/09/2026 18:43;06/09/2026 18:56;19;97;Réalisée;Sofia Nguyen;
VS-0010109;MC-EN00097;LYON;06/09/2026 18:17;06/09/2026 19:04;13;95;Réalisée;Karim Simon;
VS-0010110;MC-EN00049;LYON;06/09/2026 18:36;06/09/2026 19:04;15;99;Réalisée;Camille Petit;
VS-0010111;MC-EN00199;LYON;06/09/2026 19:13;06/09/2026 19:27;19;95;Réalisée;Adam Garcia;Acces difficile, stationnement genant
VS-0010112;MC-EN00368;LILLE;06/09/2026 18:32;06/09/2026 19:01;14;98;Réalisée;Louise Roux;Batterie remplacee, capot a revoir
VS-0010113;MC-EN00582;GRENOBLE;06/09/2026 18:57;06/09/2026 19:13;17;95;Réalisée;Sofia Nguyen;Acces difficile, stationnement genant
VS-0010114;MC-EN00109;LYON;06/09/2026 18:49;06/09/2026 19:26;13;95;Réalisée;Ilyes Simon;Engin deplace par un usager
VS-0010115;MC-EN00494;LILLE;06/09/2026 19:13;06/09/2026 19:27;15;98;Réalisée;Louise Roux;Acces difficile, stationnement genant
VS-0010116;MC-EN00459;LILLE;06/09/2026 19:20;06/09/2026 19:32;19;98;Réalisée;Louise Roux;Engin deplace par un usager
VS-0010117;MC-EN00512;GRENOBLE;06/09/2026 19:05;06/09/2026 19:29;19;99;Réalisée;Rayan Fournier;Acces difficile, stationnement genant
VS-0010118;MC-EN00416;LILLE;06/09/2026 19:12;06/09/2026 19:36;11;96;Réalisée;Camille Dubois;Acces difficile, stationnement genant
VS-0010119;MC-EN00450;LILLE;06/09/2026 19:13;06/09/2026 19:35;13;98;Réalisée;Ines Dubois;Engin deplace par un usager
VS-0010120;MC-EN00524;GRENOBLE;06/09/2026 19:40;06/09/2026 19:51;16;98;Réalisée;Adam Robert;Engin deplace par un usager
VS-0010121;MC-EN00030;LYON;06/09/2026 19:32;06/09/2026 20:14;6;99;Réalisée;Gabriel Roux;
VS-0010122;MC-EN00096;LYON;06/09/2026 19:35;06/09/2026 20:09;14;95;Réalisée;Ilyes Simon;
VS-0010123;MC-EN00117;LYON;06/09/2026 19:57;06/09/2026 20:12;7;95;Réalisée;Camille Petit;
VS-0010124;MC-EN00456;LILLE;06/09/2026 20:10;06/09/2026 20:29;19;97;Réalisée;Louise Roux;Batterie remplacee, capot a revoir
VS-0010125;MC-EN00488;LILLE;06/09/2026 20:10;06/09/2026 20:29;19;95;Réalisée;Louise Roux;
VS-0010126;MC-EN00535;GRENOBLE;06/09/2026 19:45;06/09/2026 20:04;11;95;Réalisée;Adam Robert;Acces difficile, stationnement genant
VS-0010127;MC-EN00545;GRENOBLE;06/09/2026 20:10;06/09/2026 20:19;11;95;Réalisée;Ilyes Girard;Engin deplace par un usager
VS-0010128;MC-EN00037;LYON;06/09/2026 20:34;06/09/2026 20:49;19;96;Réalisée;Ilyes Simon;Batterie remplacee, capot a revoir
VS-0010129;MC-EN00024;LYON;06/09/2026 20:39;06/09/2026 20:48;19;97;Réalisée;Gabriel Roux;Batterie remplacee, capot a revoir
VS-0010130;MC-EN00400;LILLE;06/09/2026 20:03;06/09/2026 20:30;18;97;Réalisée;Hugo Bernard;
VS-0010131;MC-EN00518;GRENOBLE;06/09/2026 20:11;06/09/2026 20:35;12;98;Réalisée;Rayan Fournier;Acces difficile, stationnement genant
VS-0010132;MC-EN00501;GRENOBLE;06/09/2026 20:37;06/09/2026 20:56;19;95;Réalisée;Adam Robert;
VS-0010133;MC-EN00209;LYON;06/09/2026 20:43;06/09/2026 20:54;19;98;Réalisée;Adam Garcia;
VS-0010134;MC-EN00061;LYON;06/09/2026 20:51;06/09/2026 20:57;19;95;Réalisée;Camille Petit;
VS-0010135;MC-EN00489;LILLE;06/09/2026 20:14;06/09/2026 20:52;16;97;Réalisée;Louise Dubois;Acces difficile, stationnement genant
VS-0010136;MC-EN00589;GRENOBLE;06/09/2026 20:55;06/09/2026 21:10;19;99;Réalisée;Noah Simon;Engin deplace par un usager
