engin_id,type_engin,ville_affectation,modele,lot_batterie,mise_en_service
EN00001,velo_elec,Lyon,E-Urban 2,LB-2607,2026-03-28
EN00002,velo_elec,Lyon,E-Urban 2,LB-2602,2025-11-25
EN00003,velo_elec,Lyon,E-Urban 2,LB-2607,2026-04-30
EN00004,velo_elec,Lyon,E-Urban 2,LB-2511,2026-07-07
EN00005,velo_elec,Lyon,E-Urban 2,LB-2602,2025-12-06
EN00006,trottinette,Lyon,T-City 3,LB-2604,2025-10-23
EN00007,velo,Lyon,Urban Classic,,2025-06-04
EN00008,trottinette,Lyon,T-City 3,LB-2604,2026-04-22
EN00009,velo_elec,Lyon,E-Urban 2,LB-2604,2025-09-03
EN00010,trottinette,Lyon,T-City 3,LB-2602,2025-08-08
EN00011,velo_elec,Lyon,E-Urban 2,LB-2604,2025-10-08
EN00012,velo,Lyon,Urban Classic,,2025-12-13
EN00013,velo_elec,Lyon,E-Urban 2,LB-2602,2025-10-06
EN00014,velo_elec,Lyon,E-Urban 2,LB-2602,2025-07-14
EN00015,velo,Lyon,Urban Classic,,2025-11-26
EN00016,velo,Lyon,Urban Classic,,2026-05-21
EN00017,velo,Lyon,Urban Classic,,2025-05-01
EN00018,trottinette,Lyon,T-City 3,LB-2604,2025-09-06
EN00019,trottinette,Lyon,T-City 3,LB-2511,2026-01-16
EN00020,velo_elec,Lyon,E-Urban 2,LB-2604,2025-12-24
EN00021,trottinette,Lyon,T-City 3,LB-2511,2025-11-18
EN00022,velo,Lyon,Urban Classic,,2026-04-26
EN00023,trottinette,Lyon,T-City 3,LB-2607,2025-11-19
EN00024,velo_elec,Lyon,E-Urban 2,LB-2511,2025-06-07
EN00025,velo_elec,Lyon,E-Urban 2,LB-2602,2025-06-05
EN00026,trottinette,Lyon,T-City 3,LB-2602,2026-02-22
EN00027,velo_elec,Lyon,E-Urban 2,LB-2602,2025-04-08
EN00028,trottinette,Lyon,T-City 3,LB-2602,2025-10-07
EN00029,velo_elec,Lyon,E-Urban 2,LB-2602,2025-07-01
EN00030,trottinette,Lyon,T-City 3,LB-2607,2025-11-13
EN00031,velo_elec,Lyon,E-Urban 2,LB-2607,2026-02-28
EN00032,velo,Lyon,Urban Classic,,2026-05-22
EN00033,trottinette,Lyon,T-City 3,LB-2511,2026-02-02
EN00034,velo_elec,Lyon,E-Urban 2,LB-2607,2025-07-04
EN00035,velo_elec,Lyon,E-Urban 2,LB-2602,2025-03-21
EN00036,velo_elec,Lyon,E-Urban 2,LB-2602,2025-04-27
EN00037,trottinette,Lyon,T-City 3,LB-2511,2025-07-04
EN00038,velo,Lyon,Urban Classic,,2025-07-07
EN00039,velo_elec,Lyon,E-Urban 2,LB-2602,2026-01-04
EN00040,velo,Lyon,Urban Classic,,2025-07-08
EN00041,velo_elec,Lyon,E-Urban 2,LB-2602,2025-11-01
EN00042,trottinette,Lyon,T-City 3,LB-2604,2025-07-07
EN00043,velo,Lyon,Urban Classic,,2025-03-30
EN00044,trottinette,Lyon,T-City 3,LB-2607,2026-04-11
EN00045,trottinette,Lyon,T-City 3,LB-2604,2025-10-20
EN00046,velo,Lyon,Urban Classic,,2025-12-09
EN00047,velo_elec,Lyon,E-Urban 2,LB-2602,2026-01-17
EN00048,velo,Lyon,Urban Classic,,2025-05-31
EN00049,trottinette,Lyon,T-City 3,LB-2602,2025-11-27
EN00050,velo_elec,Lyon,E-Urban 2,LB-2602,2026-01-20
EN00051,velo,Lyon,Urban Classic,,2025-03-12
EN00052,trottinette,Lyon,T-City 3,LB-2511,2025-04-29
EN00053,trottinette,Lyon,T-City 3,LB-2604,2025-08-02
EN00054,trottinette,Lyon,T-City 3,LB-2607,2026-04-13
EN00055,trottinette,Lyon,T-City 3,LB-2602,2025-10-25
EN00056,velo_elec,Lyon,E-Urban 2,LB-2511,2025-09-22
EN00057,velo_elec,Lyon,E-Urban 2,LB-2602,2026-06-12
EN00058,velo_elec,Lyon,E-Urban 2,LB-2602,2026-01-14
EN00059,velo,Lyon,Urban Classic,,2026-04-25
EN00060,velo,Lyon,Urban Classic,,2025-03-06
EN00061,trottinette,Lyon,T-City 3,LB-2604,2026-04-23
EN00062,trottinette,Lyon,T-City 3,LB-2604,2025-05-26
EN00063,velo_elec,Lyon,E-Urban 2,LB-2602,2025-11-27
EN00064,velo,Lyon,Urban Classic,,2025-06-12
EN00065,trottinette,Lyon,T-City 3,LB-2511,2025-10-09
EN00066,trottinette,Lyon,T-City 3,LB-2604,2026-01-09
EN00067,velo_elec,Lyon,E-Urban 2,LB-2607,2026-03-25
EN00068,velo_elec,Lyon,E-Urban 2,LB-2607,2025-08-09
EN00069,trottinette,Lyon,T-City 3,LB-2511,2025-07-24
EN00070,trottinette,Lyon,T-City 3,LB-2602,2025-11-23
EN00071,velo_elec,Lyon,E-Urban 2,LB-2604,2025-09-11
EN00072,velo,Lyon,Urban Classic,,2025-12-25
EN00073,velo_elec,Lyon,E-Urban 2,LB-2511,2025-07-16
EN00074,trottinette,Lyon,T-City 3,LB-2511,2025-03-10
EN00075,trottinette,Lyon,T-City 3,LB-2604,2026-05-07
EN00076,velo_elec,Lyon,E-Urban 2,LB-2604,2025-08-22
EN00077,trottinette,Lyon,T-City 3,LB-2511,2026-01-17
EN00078,velo_elec,Lyon,E-Urban 2,LB-2511,2025-06-28
EN00079,velo_elec,Lyon,E-Urban 2,LB-2607,2025-03-03
EN00080,trottinette,Lyon,T-City 3,LB-2511,2026-01-04
EN00081,velo_elec,Lyon,E-Urban 2,LB-2511,2025-11-10
EN00082,velo,Lyon,Urban Classic,,2026-01-29
EN00083,velo_elec,Lyon,E-Urban 2,LB-2607,2025-05-14
EN00084,velo_elec,Lyon,E-Urban 2,LB-2604,2025-06-29
EN00085,velo_elec,Lyon,E-Urban 2,LB-2607,2025-07-02
EN00086,velo_elec,Lyon,E-Urban 2,LB-2511,2026-03-03
EN00087,trottinette,Lyon,T-City 3,LB-2602,2026-02-17
EN00088,velo,Lyon,Urban Classic,,2025-05-29
EN00089,trottinette,Lyon,T-City 3,LB-2604,2025-11-27
EN00090,trottinette,Lyon,T-City 3,LB-2511,2026-01-27
EN00091,velo_elec,Lyon,E-Urban 2,LB-2602,2026-01-25
EN00092,trottinette,Lyon,T-City 3,LB-2604,2026-07-19
EN00093,velo_elec,Lyon,E-Urban 2,LB-2511,2026-06-18
EN00094,velo_elec,Lyon,E-Urban 2,LB-2604,2026-02-20
EN00095,trottinette,Lyon,T-City 3,LB-2602,2026-03-26
EN00096,velo_elec,Lyon,E-Urban 2,LB-2602,2025-07-09
EN00097,velo_elec,Lyon,E-Urban 2,LB-2602,2025-06-29
EN00098,velo_elec,Lyon,E-Urban 2,LB-2604,2026-05-30
EN00099,velo_elec,Lyon,E-Urban 2,LB-2602,2025-11-30
EN00100,velo_elec,Lyon,E-Urban 2,LB-2607,2025-07-05
EN00101,velo_elec,Lyon,E-Urban 2,LB-2602,2026-04-15
EN00102,velo_elec,Lyon,E-Urban 2,LB-2602,2026-02-01
EN00103,trottinette,Lyon,T-City 3,LB-2602,2026-07-20
EN00104,trottinette,Lyon,T-City 3,LB-2604,2025-10-01
EN00105,velo_elec,Lyon,E-Urban 2,LB-2604,2025-05-01
EN00106,trottinette,Lyon,T-City 3,LB-2604,2025-03-11
EN00107,velo_elec,Lyon,E-Urban 2,LB-2604,2025-07-12
EN00108,velo_elec,Lyon,E-Urban 2,LB-2604,2026-04-29
EN00109,trottinette,Lyon,T-City 3,LB-2604,2026-07-08
EN00110,velo_elec,Lyon,E-Urban 2,LB-2511,2025-10-12
EN00111,trottinette,Lyon,T-City 3,LB-2604,2025-12-01
EN00112,velo_elec,Lyon,E-Urban 2,LB-2604,2026-06-12
EN00113,velo_elec,Lyon,E-Urban 2,LB-2604,2026-03-14
EN00114,velo,Lyon,Urban Classic,,2025-09-09
EN00115,velo_elec,Lyon,E-Urban 2,LB-2511,2025-06-06
EN00116,velo,Lyon,Urban Classic,,2025-10-11
EN00117,trottinette,Lyon,T-City 3,LB-2511,2025-08-22
EN00118,trottinette,Lyon,T-City 3,LB-2511,2026-05-02
EN00119,trottinette,Lyon,T-City 3,LB-2604,2025-07-15
EN00120,velo,Lyon,Urban Classic,,2025-12-03
EN00121,trottinette,Lyon,T-City 3,LB-2511,2025-10-23
EN00122,trottinette,Lyon,T-City 3,LB-2607,2026-02-13
EN00123,velo_elec,Lyon,E-Urban 2,LB-2602,2026-07-05
EN00124,velo_elec,Lyon,E-Urban 2,LB-2607,2025-11-12
EN00125,velo,Lyon,Urban Classic,,2026-07-15
EN00126,velo,Lyon,Urban Classic,,2026-07-06
EN00127,trottinette,Lyon,T-City 3,LB-2511,2026-06-21
EN00128,velo,Lyon,Urban Classic,,2025-12-06
EN00129,velo_elec,Lyon,E-Urban 2,LB-2604,2026-01-06
EN00130,velo_elec,Lyon,E-Urban 2,LB-2511,2026-04-25
EN00131,trottinette,Lyon,T-City 3,LB-2604,2025-12-31
EN00132,trottinette,Lyon,T-City 3,LB-2604,2026-01-27
EN00133,velo_elec,Lyon,E-Urban 2,LB-2604,2026-03-04
EN00134,velo,Lyon,Urban Classic,,2025-08-26
EN00135,trottinette,Lyon,T-City 3,LB-2607,2026-03-28
EN00136,trottinette,Lyon,T-City 3,LB-2607,2025-10-06
EN00137,velo,Lyon,Urban Classic,,2025-11-02
EN00138,velo_elec,Lyon,E-Urban 2,LB-2602,2025-07-08
EN00139,velo_elec,Lyon,E-Urban 2,LB-2604,2025-12-03
EN00140,trottinette,Lyon,T-City 3,LB-2604,2025-07-18
EN00141,velo_elec,Lyon,E-Urban 2,LB-2604,2026-01-28
EN00142,velo_elec,Lyon,E-Urban 2,LB-2604,2025-09-10
EN00143,velo,Lyon,Urban Classic,,2025-08-04
EN00144,trottinette,Lyon,T-City 3,LB-2511,2025-05-02
EN00145,trottinette,Lyon,T-City 3,LB-2607,2025-12-13
EN00146,trottinette,Lyon,T-City 3,LB-2607,2025-08-31
EN00147,velo,Lyon,Urban Classic,,2026-03-01
EN00148,velo,Lyon,Urban Classic,,2025-08-20
EN00149,velo,Lyon,Urban Classic,,2025-04-24
EN00150,trottinette,Lyon,T-City 3,LB-2604,2026-04-28
EN00151,trottinette,Lyon,T-City 3,LB-2602,2025-03-30
EN00152,velo_elec,Lyon,E-Urban 2,LB-2602,2025-06-03
EN00153,velo_elec,Lyon,E-Urban 2,LB-2604,2025-08-06
EN00154,trottinette,Lyon,T-City 3,LB-2511,2026-08-03
EN00155,velo,Lyon,Urban Classic,,2025-03-08
EN00156,velo,Lyon,Urban Classic,,2026-02-25
EN00157,velo_elec,Lyon,E-Urban 2,LB-2604,2025-11-19
EN00158,velo_elec,Lyon,E-Urban 2,LB-2511,2026-07-29
EN00159,velo,Lyon,Urban Classic,,2025-06-01
EN00160,velo_elec,Lyon,E-Urban 2,LB-2602,2025-08-22
EN00161,velo_elec,Lyon,E-Urban 2,LB-2604,2026-07-20
EN00162,velo_elec,Lyon,E-Urban 2,LB-2511,2026-05-07
EN00163,trottinette,Lyon,T-City 3,LB-2602,2026-03-07
EN00164,trottinette,Lyon,T-City 3,LB-2607,2026-05-26
EN00165,trottinette,Lyon,T-City 3,LB-2602,2026-07-07
EN00166,velo,Lyon,Urban Classic,,2025-10-03
EN00167,trottinette,Lyon,T-City 3,LB-2511,2025-05-20
EN00168,velo_elec,Lyon,E-Urban 2,LB-2604,2025-08-09
EN00169,velo,Lyon,Urban Classic,,2025-09-25
EN00170,trottinette,Lyon,T-City 3,LB-2511,2026-05-13
EN00171,velo,Lyon,Urban Classic,,2025-07-27
EN00172,trottinette,Lyon,T-City 3,LB-2607,2025-12-01
EN00173,velo_elec,Lyon,E-Urban 2,LB-2602,2025-03-10
EN00174,velo_elec,Lyon,E-Urban 2,LB-2602,2025-12-05
EN00175,trottinette,Lyon,T-City 3,LB-2602,2025-07-20
EN00176,velo,Lyon,Urban Classic,,2025-07-26
EN00177,velo_elec,Lyon,E-Urban 2,LB-2607,2026-06-10
EN00178,velo_elec,Lyon,E-Urban 2,LB-2604,2025-04-19
EN00179,trottinette,Lyon,T-City 3,LB-2604,2026-01-29
EN00180,trottinette,Lyon,T-City 3,LB-2607,2025-05-20
EN00181,velo_elec,Lyon,E-Urban 2,LB-2602,2025-06-09
EN00182,trottinette,Lyon,T-City 3,LB-2511,2025-05-22
EN00183,velo_elec,Lyon,E-Urban 2,LB-2511,2026-06-07
EN00184,velo_elec,Lyon,E-Urban 2,LB-2602,2026-06-11
EN00185,trottinette,Lyon,T-City 3,LB-2602,2025-08-04
EN00186,trottinette,Lyon,T-City 3,LB-2511,2025-06-16
EN00187,velo_elec,Lyon,E-Urban 2,LB-2511,2025-11-17
EN00188,velo,Lyon,Urban Classic,,2025-04-17
EN00189,trottinette,Lyon,T-City 3,LB-2511,2025-07-01
EN00190,trottinette,Lyon,T-City 3,LB-2607,2026-02-06
EN00191,trottinette,Lyon,T-City 3,LB-2602,2026-06-26
EN00192,velo_elec,Lyon,E-Urban 2,LB-2604,2026-06-23
EN00193,trottinette,Lyon,T-City 3,LB-2602,2026-01-15
EN00194,velo_elec,Lyon,E-Urban 2,LB-2602,2025-09-05
EN00195,velo_elec,Lyon,E-Urban 2,LB-2604,2026-07-01
EN00196,velo_elec,Lyon,E-Urban 2,LB-2602,2025-03-17
EN00197,velo_elec,Lyon,E-Urban 2,LB-2511,2025-04-04
EN00198,velo_elec,Lyon,E-Urban 2,LB-2604,2025-12-27
EN00199,velo_elec,Lyon,E-Urban 2,LB-2602,2025-11-29
EN00200,trottinette,Lyon,T-City 3,LB-2607,2025-03-27
EN00201,velo_elec,Lyon,E-Urban 2,LB-2607,2025-08-18
EN00202,trottinette,Lyon,T-City 3,LB-2511,2026-03-13
EN00203,trottinette,Lyon,T-City 3,LB-2602,2025-08-22
EN00204,velo_elec,Lyon,E-Urban 2,LB-2604,2025-06-17
EN00205,trottinette,Lyon,T-City 3,LB-2602,2025-03-06
EN00206,velo_elec,Lyon,E-Urban 2,LB-2511,2025-08-21
EN00207,velo_elec,Lyon,E-Urban 2,LB-2607,2025-05-26
EN00208,velo_elec,Lyon,E-Urban 2,LB-2607,2025-04-07
EN00209,velo_elec,Lyon,E-Urban 2,LB-2604,2025-06-27
EN00210,trottinette,Lyon,T-City 3,LB-2602,2025-04-06
EN00211,velo_elec,Lyon,E-Urban 2,LB-2607,2026-06-22
EN00212,trottinette,Lyon,T-City 3,LB-2602,2025-04-05
EN00213,trottinette,Lyon,T-City 3,LB-2607,2025-09-11
EN00214,trottinette,Lyon,T-City 3,LB-2607,2025-04-18
EN00215,velo_elec,Lyon,E-Urban 2,LB-2511,2025-05-07
EN00216,velo_elec,Lyon,E-Urban 2,LB-2511,2025-04-14
EN00217,velo_elec,Lyon,E-Urban 2,LB-2511,2025-08-19
EN00218,velo_elec,Lyon,E-Urban 2,LB-2602,2025-10-30
EN00219,velo_elec,Lyon,E-Urban 2,LB-2511,2026-02-24
EN00220,velo_elec,Lyon,E-Urban 2,LB-2602,2025-05-29
EN00221,velo_elec,Nantes,E-Urban 2,LB-2511,2026-03-31
EN00222,velo_elec,Nantes,E-Urban 2,LB-2602,2025-08-30
EN00223,velo,Nantes,Urban Classic,,2025-08-16
EN00224,velo_elec,Nantes,E-Urban 2,LB-2602,2026-02-09
EN00225,velo_elec,Nantes,E-Urban 2,LB-2607,2025-08-20
EN00226,velo_elec,Nantes,E-Urban 2,LB-2511,2025-05-16
EN00227,trottinette,Nantes,T-City 3,LB-2511,2025-11-05
EN00228,trottinette,Nantes,T-City 3,LB-2602,2025-07-31
EN00229,trottinette,Nantes,T-City 3,LB-2602,2026-07-20
EN00230,velo_elec,Nantes,E-Urban 2,LB-2511,2026-03-24
EN00231,velo,Nantes,Urban Classic,,2026-07-23
EN00232,trottinette,Nantes,T-City 3,LB-2604,2026-02-10
EN00233,velo_elec,Nantes,E-Urban 2,LB-2602,2025-03-22
EN00234,trottinette,Nantes,T-City 3,LB-2511,2026-03-22
EN00235,trottinette,Nantes,T-City 3,LB-2607,2025-08-31
EN00236,velo_elec,Nantes,E-Urban 2,LB-2602,2025-03-30
EN00237,velo_elec,Nantes,E-Urban 2,LB-2604,2026-06-13
EN00238,velo_elec,Nantes,E-Urban 2,LB-2511,2026-06-26
EN00239,trottinette,Nantes,T-City 3,LB-2511,2026-07-28
EN00240,trottinette,Nantes,T-City 3,LB-2602,2025-05-09
EN00241,velo,Nantes,Urban Classic,,2026-01-13
EN00242,velo,Nantes,Urban Classic,,2025-11-14
EN00243,velo,Nantes,Urban Classic,,2025-12-28
EN00244,trottinette,Nantes,T-City 3,LB-2602,2025-03-06
EN00245,velo_elec,Nantes,E-Urban 2,LB-2511,2025-10-19
EN00246,trottinette,Nantes,T-City 3,LB-2602,2025-05-09
EN00247,trottinette,Nantes,T-City 3,LB-2607,2026-05-24
EN00248,trottinette,Nantes,T-City 3,LB-2604,2025-12-30
EN00249,velo_elec,Nantes,E-Urban 2,LB-2604,2026-04-25
EN00250,velo_elec,Nantes,E-Urban 2,LB-2607,2025-08-20
EN00251,velo,Nantes,Urban Classic,,2025-04-01
EN00252,velo_elec,Nantes,E-Urban 2,LB-2607,2025-12-27
EN00253,trottinette,Nantes,T-City 3,LB-2604,2026-04-18
EN00254,velo_elec,Nantes,E-Urban 2,LB-2604,2026-01-28
EN00255,velo,Nantes,Urban Classic,,2025-06-12
EN00256,velo_elec,Nantes,E-Urban 2,LB-2511,2026-02-07
EN00257,trottinette,Nantes,T-City 3,LB-2602,2026-01-05
EN00258,trottinette,Nantes,T-City 3,LB-2602,2026-03-23
EN00259,trottinette,Nantes,T-City 3,LB-2602,2026-06-07
EN00260,velo_elec,Nantes,E-Urban 2,LB-2602,2025-04-08
EN00261,trottinette,Nantes,T-City 3,LB-2604,2026-01-02
EN00262,velo,Nantes,Urban Classic,,2026-05-15
EN00263,trottinette,Nantes,T-City 3,LB-2511,2026-03-20
EN00264,trottinette,Nantes,T-City 3,LB-2604,2026-01-09
EN00265,trottinette,Nantes,T-City 3,LB-2604,2026-02-09
EN00266,velo_elec,Nantes,E-Urban 2,LB-2604,2025-10-18
EN00267,trottinette,Nantes,T-City 3,LB-2604,2025-12-18
EN00268,trottinette,Nantes,T-City 3,LB-2604,2026-08-01
EN00269,velo_elec,Nantes,E-Urban 2,LB-2607,2026-04-03
EN00270,velo_elec,Nantes,E-Urban 2,LB-2511,2026-05-14
EN00271,velo_elec,Nantes,E-Urban 2,LB-2607,2026-03-08
EN00272,trottinette,Nantes,T-City 3,LB-2604,2026-03-22
EN00273,velo_elec,Nantes,E-Urban 2,LB-2604,2025-03-30
EN00274,velo,Nantes,Urban Classic,,2025-10-07
EN00275,velo,Nantes,Urban Classic,,2026-04-08
EN00276,velo_elec,Nantes,E-Urban 2,LB-2604,2026-05-20
EN00277,velo_elec,Nantes,E-Urban 2,LB-2602,2025-05-26
EN00278,trottinette,Nantes,T-City 3,LB-2511,2026-04-12
EN00279,velo,Nantes,Urban Classic,,2026-02-19
EN00280,trottinette,Nantes,T-City 3,LB-2607,2025-06-09
EN00281,velo_elec,Nantes,E-Urban 2,LB-2602,2025-03-04
EN00282,velo,Nantes,Urban Classic,,2025-05-07
EN00283,trottinette,Nantes,T-City 3,LB-2604,2026-06-15
EN00284,trottinette,Nantes,T-City 3,LB-2511,2025-06-17
EN00285,trottinette,Nantes,T-City 3,LB-2511,2026-07-11
EN00286,velo_elec,Nantes,E-Urban 2,LB-2511,2025-05-28
EN00287,velo_elec,Nantes,E-Urban 2,LB-2511,2026-06-21
EN00288,trottinette,Nantes,T-City 3,LB-2607,2026-05-08
EN00289,trottinette,Nantes,T-City 3,LB-2511,2025-03-22
EN00290,trottinette,Nantes,T-City 3,LB-2602,2025-05-04
EN00291,velo_elec,Nantes,E-Urban 2,LB-2511,2026-06-30
EN00292,velo_elec,Nantes,E-Urban 2,LB-2511,2025-04-18
EN00293,velo_elec,Nantes,E-Urban 2,LB-2602,2025-05-10
EN00294,velo_elec,Nantes,E-Urban 2,LB-2602,2025-11-10
EN00295,velo_elec,Nantes,E-Urban 2,LB-2602,2025-08-20
EN00296,velo,Nantes,Urban Classic,,2025-07-24
EN00297,trottinette,Nantes,T-City 3,LB-2604,2025-11-20
EN00298,trottinette,Nantes,T-City 3,LB-2602,2025-06-13
EN00299,trottinette,Nantes,T-City 3,LB-2602,2025-05-17
EN00300,velo_elec,Nantes,E-Urban 2,LB-2604,2025-11-26
EN00301,velo_elec,Nantes,E-Urban 2,LB-2607,2026-01-13
EN00302,velo_elec,Nantes,E-Urban 2,LB-2604,2025-09-02
EN00303,velo_elec,Nantes,E-Urban 2,LB-2511,2025-11-13
EN00304,velo_elec,Nantes,E-Urban 2,LB-2511,2025-11-22
EN00305,velo_elec,Nantes,E-Urban 2,LB-2607,2026-05-27
EN00306,velo,Nantes,Urban Classic,,2026-01-11
EN00307,trottinette,Nantes,T-City 3,LB-2602,2025-11-08
EN00308,velo,Nantes,Urban Classic,,2025-09-19
EN00309,trottinette,Nantes,T-City 3,LB-2602,2026-01-20
EN00310,trottinette,Nantes,T-City 3,LB-2607,2025-07-04
EN00311,trottinette,Nantes,T-City 3,LB-2602,2026-05-09
EN00312,trottinette,Nantes,T-City 3,LB-2604,2025-06-18
EN00313,trottinette,Nantes,T-City 3,LB-2607,2026-05-15
EN00314,trottinette,Nantes,T-City 3,LB-2602,2026-01-27
EN00315,velo_elec,Nantes,E-Urban 2,LB-2602,2026-02-28
EN00316,velo_elec,Nantes,E-Urban 2,LB-2602,2025-11-13
EN00317,trottinette,Nantes,T-City 3,LB-2511,2026-04-28
EN00318,velo_elec,Nantes,E-Urban 2,LB-2604,2025-12-27
EN00319,velo_elec,Nantes,E-Urban 2,LB-2602,2025-04-25
EN00320,velo,Nantes,Urban Classic,,2026-02-02
EN00321,velo_elec,Nantes,E-Urban 2,LB-2602,2025-11-19
EN00322,velo,Nantes,Urban Classic,,2025-10-10
EN00323,velo,Nantes,Urban Classic,,2025-10-21
EN00324,velo,Nantes,Urban Classic,,2026-03-11
EN00325,trottinette,Nantes,T-City 3,LB-2607,2026-06-11
EN00326,velo,Nantes,Urban Classic,,2025-04-25
EN00327,velo_elec,Nantes,E-Urban 2,LB-2511,2026-05-03
EN00328,velo_elec,Nantes,E-Urban 2,LB-2604,2025-05-08
EN00329,trottinette,Nantes,T-City 3,LB-2604,2025-05-13
EN00330,trottinette,Nantes,T-City 3,LB-2607,2026-04-02
EN00331,velo,Nantes,Urban Classic,,2026-05-26
EN00332,trottinette,Nantes,T-City 3,LB-2602,2025-03-25
EN00333,trottinette,Nantes,T-City 3,LB-2607,2026-04-23
EN00334,trottinette,Nantes,T-City 3,LB-2602,2026-05-26
EN00335,velo,Nantes,Urban Classic,,2025-04-22
EN00336,velo_elec,Nantes,E-Urban 2,LB-2511,2025-08-16
EN00337,trottinette,Nantes,T-City 3,LB-2604,2025-05-10
EN00338,velo_elec,Nantes,E-Urban 2,LB-2602,2026-07-03
EN00339,velo_elec,Nantes,E-Urban 2,LB-2604,2025-03-01
EN00340,velo_elec,Nantes,E-Urban 2,LB-2604,2025-07-10
EN00341,velo_elec,Nantes,E-Urban 2,LB-2511,2026-06-17
EN00342,velo_elec,Nantes,E-Urban 2,LB-2511,2026-01-24
EN00343,velo,Nantes,Urban Classic,,2025-12-28
EN00344,velo,Nantes,Urban Classic,,2025-06-14
EN00345,velo,Nantes,Urban Classic,,2026-03-31
EN00346,velo,Nantes,Urban Classic,,2026-04-05
EN00347,trottinette,Nantes,T-City 3,LB-2607,2025-03-11
EN00348,velo_elec,Nantes,E-Urban 2,LB-2604,2025-12-09
EN00349,velo_elec,Nantes,E-Urban 2,LB-2511,2025-11-18
EN00350,velo,Nantes,Urban Classic,,2025-06-22
EN00351,trottinette,Nantes,T-City 3,LB-2511,2025-10-17
EN00352,velo_elec,Nantes,E-Urban 2,LB-2602,2025-07-19
EN00353,velo,Nantes,Urban Classic,,2025-09-15
EN00354,velo_elec,Nantes,E-Urban 2,LB-2604,2026-04-04
EN00355,velo_elec,Nantes,E-Urban 2,LB-2604,2026-03-07
EN00356,velo,Nantes,Urban Classic,,2025-08-30
EN00357,trottinette,Nantes,T-City 3,LB-2602,2025-07-17
EN00358,trottinette,Nantes,T-City 3,LB-2511,2025-04-20
EN00359,trottinette,Nantes,T-City 3,LB-2602,2025-10-18
EN00360,trottinette,Nantes,T-City 3,LB-2602,2025-04-04
EN00361,trottinette,Lille,T-City 3,LB-2511,2026-06-09
EN00362,velo_elec,Lille,E-Urban 2,LB-2604,2025-06-14
EN00363,velo_elec,Lille,E-Urban 2,LB-2511,2026-04-29
EN00364,velo,Lille,Urban Classic,,2026-01-18
EN00365,velo_elec,Lille,E-Urban 2,LB-2511,2025-04-18
EN00366,trottinette,Lille,T-City 3,LB-2511,2026-05-20
EN00367,velo,Lille,Urban Classic,,2025-09-23
EN00368,trottinette,Lille,T-City 3,LB-2607,2025-03-12
EN00369,velo,Lille,Urban Classic,,2026-01-17
EN00370,velo_elec,Lille,E-Urban 2,LB-2604,2026-01-21
EN00371,velo,Lille,Urban Classic,,2026-07-24
EN00372,trottinette,Lille,T-City 3,LB-2604,2026-02-06
EN00373,velo_elec,Lille,E-Urban 2,LB-2604,2025-04-13
EN00374,velo_elec,Lille,E-Urban 2,LB-2604,2026-07-18
EN00375,trottinette,Lille,T-City 3,LB-2602,2026-05-14
EN00376,velo,Lille,Urban Classic,,2026-02-14
EN00377,trottinette,Lille,T-City 3,LB-2511,2025-11-16
EN00378,velo_elec,Lille,E-Urban 2,LB-2602,2026-04-17
EN00379,velo_elec,Lille,E-Urban 2,LB-2604,2025-03-22
EN00380,velo_elec,Lille,E-Urban 2,LB-2607,2025-04-23
EN00381,trottinette,Lille,T-City 3,LB-2511,2025-07-28
EN00382,trottinette,Lille,T-City 3,LB-2602,2025-07-02
EN00383,trottinette,Lille,T-City 3,LB-2604,2026-02-28
EN00384,trottinette,Lille,T-City 3,LB-2511,2025-11-04
EN00385,velo_elec,Lille,E-Urban 2,LB-2604,2025-12-10
EN00386,trottinette,Lille,T-City 3,LB-2602,2025-03-10
EN00387,velo,Lille,Urban Classic,,2026-06-30
EN00388,velo_elec,Lille,E-Urban 2,LB-2602,2025-07-14
EN00389,trottinette,Lille,T-City 3,LB-2604,2026-01-03
EN00390,velo,Lille,Urban Classic,,2026-05-16
EN00391,velo_elec,Lille,E-Urban 2,LB-2604,2026-05-17
EN00392,velo_elec,Lille,E-Urban 2,LB-2602,2026-03-12
EN00393,trottinette,Lille,T-City 3,LB-2604,2026-07-15
EN00394,velo_elec,Lille,E-Urban 2,LB-2602,2025-10-31
EN00395,trottinette,Lille,T-City 3,LB-2604,2026-02-02
EN00396,velo_elec,Lille,E-Urban 2,LB-2607,2025-11-30
EN00397,velo,Lille,Urban Classic,,2026-06-15
EN00398,velo,Lille,Urban Classic,,2025-10-17
EN00399,trottinette,Lille,T-City 3,LB-2604,2026-06-21
EN00400,trottinette,Lille,T-City 3,LB-2511,2025-12-06
EN00401,trottinette,Lille,T-City 3,LB-2604,2025-12-23
EN00402,trottinette,Lille,T-City 3,LB-2604,2025-12-08
EN00403,trottinette,Lille,T-City 3,LB-2604,2026-02-08
EN00404,trottinette,Lille,T-City 3,LB-2511,2026-04-01
EN00405,trottinette,Lille,T-City 3,LB-2602,2026-01-16
EN00406,velo_elec,Lille,E-Urban 2,LB-2511,2025-12-12
EN00407,velo,Lille,Urban Classic,,2025-04-26
EN00408,velo_elec,Lille,E-Urban 2,LB-2511,2026-01-28
EN00409,trottinette,Lille,T-City 3,LB-2607,2025-10-18
EN00410,velo_elec,Lille,E-Urban 2,LB-2604,2025-03-14
EN00411,trottinette,Lille,T-City 3,LB-2607,2025-12-06
EN00412,trottinette,Lille,T-City 3,LB-2511,2025-05-16
EN00413,trottinette,Lille,T-City 3,LB-2511,2025-11-28
EN00414,velo_elec,Lille,E-Urban 2,LB-2511,2025-06-04
EN00415,trottinette,Lille,T-City 3,LB-2602,2025-03-08
EN00416,trottinette,Lille,T-City 3,LB-2511,2025-04-26
EN00417,trottinette,Lille,T-City 3,LB-2607,2025-04-13
EN00418,trottinette,Lille,T-City 3,LB-2604,2025-03-20
EN00419,velo,Lille,Urban Classic,,2025-04-22
EN00420,trottinette,Lille,T-City 3,LB-2602,2025-06-19
EN00421,velo_elec,Lille,E-Urban 2,LB-2511,2025-08-07
EN00422,velo_elec,Lille,E-Urban 2,LB-2607,2025-04-09
EN00423,velo_elec,Lille,E-Urban 2,LB-2511,2025-04-07
EN00424,velo_elec,Lille,E-Urban 2,LB-2607,2026-07-02
EN00425,velo_elec,Lille,E-Urban 2,LB-2602,2025-06-07
EN00426,trottinette,Lille,T-City 3,LB-2607,2026-04-14
EN00427,trottinette,Lille,T-City 3,LB-2607,2026-01-07
EN00428,velo_elec,Lille,E-Urban 2,LB-2602,2025-05-22
EN00429,velo,Lille,Urban Classic,,2025-03-30
EN00430,velo_elec,Lille,E-Urban 2,LB-2511,2025-04-09
EN00431,velo,Lille,Urban Classic,,2026-01-07
EN00432,velo,Lille,Urban Classic,,2025-09-28
EN00433,velo,Lille,Urban Classic,,2025-03-08
EN00434,velo_elec,Lille,E-Urban 2,LB-2602,2026-05-28
EN00435,trottinette,Lille,T-City 3,LB-2607,2026-07-18
EN00436,velo,Lille,Urban Classic,,2026-02-23
EN00437,velo,Lille,Urban Classic,,2025-11-06
EN00438,trottinette,Lille,T-City 3,LB-2511,2025-07-20
EN00439,velo_elec,Lille,E-Urban 2,LB-2511,2025-06-04
EN00440,trottinette,Lille,T-City 3,LB-2604,2026-06-04
EN00441,velo_elec,Lille,E-Urban 2,LB-2607,2026-07-24
EN00442,trottinette,Lille,T-City 3,LB-2511,2025-08-21
EN00443,velo_elec,Lille,E-Urban 2,LB-2604,2025-05-09
EN00444,trottinette,Lille,T-City 3,LB-2607,2025-09-18
EN00445,velo_elec,Lille,E-Urban 2,LB-2604,2026-07-12
EN00446,trottinette,Lille,T-City 3,LB-2511,2026-05-04
EN00447,velo,Lille,Urban Classic,,2025-07-01
EN00448,velo,Lille,Urban Classic,,2025-06-17
EN00449,trottinette,Lille,T-City 3,LB-2607,2025-03-24
EN00450,trottinette,Lille,T-City 3,LB-2602,2026-02-12
EN00451,velo_elec,Lille,E-Urban 2,LB-2602,2026-01-16
EN00452,velo,Lille,Urban Classic,,2026-04-09
EN00453,trottinette,Lille,T-City 3,LB-2511,2026-02-01
EN00454,velo,Lille,Urban Classic,,2026-07-24
EN00455,velo_elec,Lille,E-Urban 2,LB-2604,2025-07-29
EN00456,trottinette,Lille,T-City 3,LB-2604,2026-06-18
EN00457,velo,Lille,Urban Classic,,2025-06-02
EN00458,velo,Lille,Urban Classic,,2025-06-30
EN00459,velo_elec,Lille,E-Urban 2,LB-2607,2025-08-12
EN00460,velo_elec,Lille,E-Urban 2,LB-2511,2026-04-21
EN00461,velo_elec,Lille,E-Urban 2,LB-2511,2025-08-22
EN00462,velo_elec,Lille,E-Urban 2,LB-2607,2025-08-26
EN00463,velo,Lille,Urban Classic,,2025-07-16
EN00464,trottinette,Lille,T-City 3,LB-2602,2025-08-06
EN00465,velo,Lille,Urban Classic,,2025-12-27
EN00466,velo,Lille,Urban Classic,,2025-08-15
EN00467,velo_elec,Lille,E-Urban 2,LB-2607,2025-03-26
EN00468,trottinette,Lille,T-City 3,LB-2604,2026-03-09
EN00469,velo,Lille,Urban Classic,,2025-05-01
EN00470,trottinette,Lille,T-City 3,LB-2604,2026-06-04
EN00471,velo,Lille,Urban Classic,,2025-07-04
EN00472,velo_elec,Lille,E-Urban 2,LB-2602,2025-04-25
EN00473,trottinette,Lille,T-City 3,LB-2511,2025-07-25
EN00474,velo_elec,Lille,E-Urban 2,LB-2511,2026-03-09
EN00475,trottinette,Lille,T-City 3,LB-2602,2025-09-16
EN00476,trottinette,Lille,T-City 3,LB-2602,2025-07-22
EN00477,trottinette,Lille,T-City 3,LB-2602,2025-04-03
EN00478,trottinette,Lille,T-City 3,LB-2511,2026-04-17
EN00479,trottinette,Lille,T-City 3,LB-2511,2025-09-11
EN00480,velo_elec,Lille,E-Urban 2,LB-2602,2025-05-02
EN00481,velo_elec,Lille,E-Urban 2,LB-2511,2025-07-10
EN00482,velo_elec,Lille,E-Urban 2,LB-2602,2026-04-07
EN00483,trottinette,Lille,T-City 3,LB-2602,2025-11-22
EN00484,velo_elec,Lille,E-Urban 2,LB-2602,2026-04-09
EN00485,trottinette,Lille,T-City 3,LB-2607,2025-04-04
EN00486,velo,Lille,Urban Classic,,2026-03-06
EN00487,velo,Lille,Urban Classic,,2025-04-24
EN00488,velo_elec,Lille,E-Urban 2,LB-2607,2026-07-10
EN00489,trottinette,Lille,T-City 3,LB-2604,2026-06-29
EN00490,velo,Lille,Urban Classic,,2025-07-05
EN00491,velo,Lille,Urban Classic,,2025-12-02
EN00492,velo_elec,Lille,E-Urban 2,LB-2604,2025-05-14
EN00493,velo_elec,Lille,E-Urban 2,LB-2602,2025-04-06
EN00494,velo_elec,Lille,E-Urban 2,LB-2602,2026-04-21
EN00495,trottinette,Lille,T-City 3,LB-2511,2025-06-16
EN00496,velo_elec,Lille,E-Urban 2,LB-2511,2026-04-01
EN00497,velo,Lille,Urban Classic,,2025-09-16
EN00498,trottinette,Lille,T-City 3,LB-2607,2025-07-27
EN00499,velo,Lille,Urban Classic,,2025-03-02
EN00500,velo,Lille,Urban Classic,,2026-02-26
EN00501,trottinette,Grenoble,T-City 3,LB-2511,2025-06-29
EN00502,velo,Grenoble,Urban Classic,,2025-07-19
EN00503,trottinette,Grenoble,T-City 3,LB-2511,2025-06-28
EN00504,trottinette,Grenoble,T-City 3,LB-2607,2025-12-21
EN00505,velo,Grenoble,Urban Classic,,2025-03-19
EN00506,trottinette,Grenoble,T-City 3,LB-2511,2025-10-06
EN00507,trottinette,Grenoble,T-City 3,LB-2602,2025-05-07
EN00508,trottinette,Grenoble,T-City 3,LB-2602,2025-07-14
EN00509,trottinette,Grenoble,T-City 3,LB-2607,2025-07-12
EN00510,velo,Grenoble,Urban Classic,,2025-10-08
EN00511,trottinette,Grenoble,T-City 3,LB-2604,2026-03-22
EN00512,velo_elec,Grenoble,E-Urban 2,LB-2604,2026-06-19
EN00513,velo_elec,Grenoble,E-Urban 2,LB-2511,2025-03-13
EN00514,velo_elec,Grenoble,E-Urban 2,LB-2607,2025-12-19
EN00515,trottinette,Grenoble,T-City 3,LB-2602,2026-01-27
EN00516,velo_elec,Grenoble,E-Urban 2,LB-2511,2025-07-22
EN00517,trottinette,Grenoble,T-City 3,LB-2602,2025-05-12
EN00518,trottinette,Grenoble,T-City 3,LB-2511,2026-07-15
EN00519,velo_elec,Grenoble,E-Urban 2,LB-2604,2026-05-30
EN00520,velo_elec,Grenoble,E-Urban 2,LB-2511,2026-06-22
EN00521,velo,Grenoble,Urban Classic,,2025-10-20
EN00522,velo_elec,Grenoble,E-Urban 2,LB-2511,2026-03-06
EN00523,velo_elec,Grenoble,E-Urban 2,LB-2511,2026-04-08
EN00524,velo_elec,Grenoble,E-Urban 2,LB-2602,2026-04-27
EN00525,velo,Grenoble,Urban Classic,,2026-05-12
EN00526,velo_elec,Grenoble,E-Urban 2,LB-2511,2025-09-25
EN00527,velo_elec,Grenoble,E-Urban 2,LB-2607,2025-08-18
EN00528,velo_elec,Grenoble,E-Urban 2,LB-2604,2026-06-19
EN00529,velo,Grenoble,Urban Classic,,2026-04-15
EN00530,velo_elec,Grenoble,E-Urban 2,LB-2511,2026-01-07
EN00531,trottinette,Grenoble,T-City 3,LB-2511,2025-11-05
EN00532,velo_elec,Grenoble,E-Urban 2,LB-2511,2026-05-02
EN00533,velo_elec,Grenoble,E-Urban 2,LB-2604,2025-07-09
EN00534,trottinette,Grenoble,T-City 3,LB-2602,2025-03-05
EN00535,velo_elec,Grenoble,E-Urban 2,LB-2602,2026-03-26
EN00536,velo_elec,Grenoble,E-Urban 2,LB-2602,2026-01-04
EN00537,velo_elec,Grenoble,E-Urban 2,LB-2602,2025-08-27
EN00538,velo,Grenoble,Urban Classic,,2025-11-10
EN00539,velo_elec,Grenoble,E-Urban 2,LB-2511,2025-09-02
EN00540,velo,Grenoble,Urban Classic,,2026-05-27
EN00541,velo_elec,Grenoble,E-Urban 2,LB-2602,2026-07-23
EN00542,velo,Grenoble,Urban Classic,,2025-03-07
EN00543,velo,Grenoble,Urban Classic,,2026-07-25
EN00544,velo_elec,Grenoble,E-Urban 2,LB-2511,2025-08-28
EN00545,trottinette,Grenoble,T-City 3,LB-2604,2025-08-19
EN00546,trottinette,Grenoble,T-City 3,LB-2607,2025-03-18
EN00547,trottinette,Grenoble,T-City 3,LB-2604,2026-05-09
EN00548,trottinette,Grenoble,T-City 3,LB-2511,2025-11-23
EN00549,velo_elec,Grenoble,E-Urban 2,LB-2607,2025-07-25
EN00550,velo,Grenoble,Urban Classic,,2026-03-24
EN00551,trottinette,Grenoble,T-City 3,LB-2604,2025-12-09
EN00552,trottinette,Grenoble,T-City 3,LB-2511,2026-06-22
EN00553,trottinette,Grenoble,T-City 3,LB-2511,2026-03-30
EN00554,velo_elec,Grenoble,E-Urban 2,LB-2511,2025-09-29
EN00555,velo,Grenoble,Urban Classic,,2026-06-29
EN00556,trottinette,Grenoble,T-City 3,LB-2602,2025-08-10
EN00557,velo,Grenoble,Urban Classic,,2025-06-02
EN00558,trottinette,Grenoble,T-City 3,LB-2604,2025-10-08
EN00559,trottinette,Grenoble,T-City 3,LB-2604,2025-12-22
EN00560,velo_elec,Grenoble,E-Urban 2,LB-2604,2026-04-08
EN00561,velo_elec,Grenoble,E-Urban 2,LB-2604,2025-08-24
EN00562,velo,Grenoble,Urban Classic,,2025-04-06
EN00563,trottinette,Grenoble,T-City 3,LB-2511,2025-05-14
EN00564,velo,Grenoble,Urban Classic,,2026-05-17
EN00565,trottinette,Grenoble,T-City 3,LB-2602,2025-08-08
EN00566,trottinette,Grenoble,T-City 3,LB-2511,2025-05-31
EN00567,velo_elec,Grenoble,E-Urban 2,LB-2511,2025-06-30
EN00568,velo,Grenoble,Urban Classic,,2025-12-05
EN00569,trottinette,Grenoble,T-City 3,LB-2602,2026-03-16
EN00570,trottinette,Grenoble,T-City 3,LB-2607,2025-07-09
EN00571,trottinette,Grenoble,T-City 3,LB-2604,2026-03-18
EN00572,velo,Grenoble,Urban Classic,,2025-09-02
EN00573,velo,Grenoble,Urban Classic,,2025-12-27
EN00574,velo,Grenoble,Urban Classic,,2026-03-30
EN00575,trottinette,Grenoble,T-City 3,LB-2602,2026-07-26
EN00576,velo,Grenoble,Urban Classic,,2025-06-08
EN00577,velo_elec,Grenoble,E-Urban 2,LB-2602,2025-12-29
EN00578,velo_elec,Grenoble,E-Urban 2,LB-2602,2025-04-05
EN00579,trottinette,Grenoble,T-City 3,LB-2607,2025-11-20
EN00580,velo_elec,Grenoble,E-Urban 2,LB-2607,2025-05-12
EN00581,velo,Grenoble,Urban Classic,,2026-03-19
EN00582,trottinette,Grenoble,T-City 3,LB-2604,2026-04-25
EN00583,velo,Grenoble,Urban Classic,,2026-05-15
EN00584,trottinette,Grenoble,T-City 3,LB-2604,2025-12-17
EN00585,velo_elec,Grenoble,E-Urban 2,LB-2604,2025-04-17
EN00586,velo,Grenoble,Urban Classic,,2025-11-30
EN00587,trottinette,Grenoble,T-City 3,LB-2602,2025-12-17
EN00588,velo_elec,Grenoble,E-Urban 2,LB-2607,2025-06-23
EN00589,velo_elec,Grenoble,E-Urban 2,LB-2511,2026-03-17
EN00590,velo_elec,Grenoble,E-Urban 2,LB-2511,2025-03-30
EN00591,velo_elec,Grenoble,E-Urban 2,LB-2604,2026-06-19
EN00592,velo_elec,Grenoble,E-Urban 2,LB-2607,2026-02-03
EN00593,trottinette,Grenoble,T-City 3,LB-2604,2026-05-06
EN00594,velo,Grenoble,Urban Classic,,2025-03-16
EN00595,velo,Grenoble,Urban Classic,,2025-06-26
EN00596,velo_elec,Grenoble,E-Urban 2,LB-2607,2026-02-09
EN00597,trottinette,Grenoble,T-City 3,LB-2607,2025-11-25
EN00598,velo_elec,Grenoble,E-Urban 2,LB-2511,2025-06-13
EN00599,trottinette,Grenoble,T-City 3,LB-2607,2026-02-20
EN00600,trottinette,Grenoble,T-City 3,LB-2511,2025-07-16
