station_id,nom,ville,latitude,longitude,capacite,date_ouverture
ST1001,Lyon - Part-Dieu,Lyon,45.73353,4.835952,30,2025-11-18
ST1002,Lyon - Perrache,Lyon,45.775776,4.880995,30,2025-06-23
ST1003,Lyon - Confluence,Lyon,45.795585,4.847848,30,2025-10-02
ST1004,Lyon - Brotteaux,Lyon,45.78667,4.840481,30,2026-03-10
ST1005,Lyon - La Doua,Lyon,45.786126,4.83479,10,2026-03-31
ST1006,Lyon - Croix-Rousse,Lyon,45.770922,4.809693,10,2025-04-26
ST1007,Lyon - Gerland,Lyon,45.746979,4.795505,10,2026-04-22
ST1008,Lyon - Monplaisir,Lyon,45.795277,4.834729,20,2025-06-16
ST1009,Lyon - Vaise,Lyon,45.755777,4.820466,20,2026-04-17
ST1010,Lyon - Jean Mace,Lyon,45.754108,4.860297,10,2026-03-06
ST1011,Lyon - Guillotiere,Lyon,45.751232,4.841445,20,2025-07-26
ST1012,Lyon - Sans Souci,Lyon,45.760596,4.873347,20,2025-03-13
ST1013,Lyon - Grange Blanche,Lyon,45.791824,4.822584,25,2025-10-03
ST1014,Lyon - Charpennes,Lyon,45.731255,4.874797,25,2025-04-29
ST1015,Lyon - Villette,Lyon,45.758035,4.865955,25,2025-09-20
ST1016,Lyon - Saxe-Gambetta,Lyon,45.79734,4.811564,25,2025-12-14
ST1017,Lyon - Bellecour,Lyon,45.798099,4.833619,10,2025-12-20
ST1018,Lyon - Cordeliers,Lyon,45.741962,4.7986,10,2026-02-24
ST1019,Lyon - Terreaux,Lyon,45.765857,4.852748,25,2025-10-27
ST1020,Nantes - Gare Nord,Nantes,47.189793,-1.515169,30,2025-05-02
ST1021,Nantes - Ile de Nantes,Nantes,47.228534,-1.55792,30,2025-10-27
ST1022,Nantes - Euronantes,Nantes,47.235562,-1.507638,30,2025-12-05
ST1023,Nantes - Chantrerie,Nantes,47.198481,-1.563392,10,2025-08-05
ST1024,Nantes - Commerce,Nantes,47.222252,-1.538914,25,2026-04-17
ST1025,Nantes - Bouffay,Nantes,47.249156,-1.560293,20,2025-07-16
ST1026,Nantes - Talensac,Nantes,47.179142,-1.588616,25,2026-04-16
ST1027,Nantes - Chantenay,Nantes,47.220231,-1.554648,15,2025-07-12
ST1028,Nantes - Doulon,Nantes,47.233812,-1.556934,25,2026-04-18
ST1029,Nantes - Zola,Nantes,47.213138,-1.53721,10,2025-07-27
ST1030,Nantes - Saint-Felix,Nantes,47.203733,-1.511919,10,2025-10-11
ST1031,Nantes - Hauts-Paves,Nantes,47.233547,-1.525092,20,2025-10-18
ST1032,Nantes - Proce,Nantes,47.252158,-1.585295,25,2026-03-08
ST1033,Nantes - Malakoff,Nantes,47.216732,-1.59717,20,2025-11-11
ST1034,Lille - Lille-Flandres,Lille,50.61881,3.026759,30,2025-09-27
ST1035,Lille - Euralille,Lille,50.600909,3.098948,30,2025-04-17
ST1036,Lille - Grand Place,Lille,50.589217,3.065364,30,2025-04-12
ST1037,Lille - Cite Scientifique,Lille,50.638011,3.027179,10,2025-05-01
ST1038,Lille - Wazemmes,Lille,50.638886,3.082486,20,2026-02-06
ST1039,Lille - Vauban,Lille,50.649813,3.043025,10,2025-08-08
ST1040,Lille - Fives,Lille,50.642367,3.064728,25,2026-02-17
ST1041,Lille - Moulins,Lille,50.646838,3.020786,15,2025-10-29
ST1042,Lille - Saint-Maurice,Lille,50.636235,3.103128,20,2025-04-13
ST1043,Lille - Bois-Blancs,Lille,50.622622,3.023312,15,2026-04-06
ST1044,Lille - Vieux-Lille,Lille,50.651793,3.065903,25,2025-09-16
ST1045,Lille - Republique,Lille,50.65384,3.059303,15,2025-09-09
ST1046,Lille - Gambetta,Lille,50.590331,3.017913,10,2025-03-27
ST1047,Lille - Solferino,Lille,50.655904,3.071927,10,2025-03-14
ST1048,Grenoble - Gare,Grenoble,45.189331,5.707276,30,2025-08-03
ST1049,Grenoble - Europole,Grenoble,45.184511,5.765896,30,2025-11-10
ST1050,Grenoble - Saint-Martin-d'Heres Campus,Grenoble,45.224403,5.731662,10,2026-04-17
ST1051,Grenoble - Championnet,Grenoble,45.162159,5.733626,15,2025-10-09
ST1052,Grenoble - Ile Verte,Grenoble,45.198367,5.720382,15,2026-02-11
ST1053,Grenoble - Berriat,Grenoble,45.205371,5.729235,10,2025-06-09
ST1054,Grenoble - Mistral,Grenoble,45.200278,5.691836,10,2025-10-18
ST1055,Grenoble - Chavant,Grenoble,45.217948,5.738585,25,2026-02-28
ST1056,Grenoble - Notre-Dame,Grenoble,45.202791,5.676547,15,2026-04-07
ST1057,Grenoble - Victor Hugo,Grenoble,45.219113,5.763962,15,2025-05-22
ST1058,Grenoble - Alsace-Lorraine,Grenoble,45.201398,5.693101,20,2025-10-04
